
PLAY [Homelab Maintenance Framework] *******************************************

TASK [Gathering Facts] *********************************************************
ok: [unbound107]

TASK [Display host] ************************************************************
ok: [unbound107] => {
    "msg": "========== unbound107 =========="
}

TASK [common : Initialize report data] *****************************************
ok: [unbound107]

TASK [common : Show report structure] ******************************************
ok: [unbound107] => {
    "homelab_report": {
        "host": {
            "hostname": "unbound107",
            "ip": "10.10.37.7",
            "kernel": "7.0.14-4-pve",
            "os": "Debian 13.6"
        },
        "platform": {},
        "precheck": {},
        "reboot": {},
        "updates": {},
        "validation": {}
    }
}

TASK [discovery : Detect Technitium] *******************************************
ok: [unbound107]

TASK [discovery : Detect Unbound] **********************************************
ok: [unbound107]

TASK [discovery : Detect PBS] **************************************************
ok: [unbound107]

TASK [discovery : Detect Pi-hole] **********************************************
ok: [unbound107]

TASK [precheck : Verify DNS] ***************************************************
ok: [unbound107]

TASK [precheck : Record DNS result] ********************************************
ok: [unbound107]

TASK [precheck : Verify Internet] **********************************************
ok: [unbound107]

TASK [precheck : Record Internet result] ***************************************
ok: [unbound107]

TASK [precheck : Verify Disk Space] ********************************************
ok: [unbound107]

TASK [precheck : Record Disk result] *******************************************
ok: [unbound107]

TASK [precheck : Display Precheck Report] **************************************
ok: [unbound107] => {
    "homelab_report.precheck": {
        "disk": {
            "filesystem": [
                "Filesystem                        Size  Used Avail Use% Mounted on",
                "/dev/mapper/pve-vm--302--disk--0  3.9G  981M  2.7G  27% /"
            ],
            "status": "PASS"
        },
        "dns": {
            "lookup": "deb.debian.org",
            "result": "2a04:4e42:72::644 debian.map.fastlydns.net deb.debian.org",
            "status": "PASS"
        },
        "internet": {
            "status": "PASS",
            "target": "8.8.8.8"
        }
    }
}

TASK [update : Record update start time] ***************************************
ok: [unbound107]

TASK [update : Update package cache] *******************************************
ok: [unbound107]

TASK [update : Upgrade packages] ***********************************************
ok: [unbound107]

TASK [update : Check if reboot is required] ************************************
ok: [unbound107]

TASK [update : Record update end time] *****************************************
ok: [unbound107]

TASK [update : Store update results] *******************************************
ok: [unbound107]

TASK [update : Display Update Report] ******************************************
ok: [unbound107] => {
    "homelab_report.updates": {
        "duration_seconds": 0,
        "packages_changed": false,
        "reboot_required": false
    }
}

TASK [update : Publish update health contribution] *****************************
ok: [unbound107]

TASK [reboot : Check if reboot required] ***************************************
ok: [unbound107]

TASK [reboot : Reboot host] ****************************************************
skipping: [unbound107]

TASK [reboot : Wait for SSH] ***************************************************
skipping: [unbound107]

TASK [reboot : Wait for systemd to finish booting] *****************************
skipping: [unbound107]

TASK [reboot : Refresh Ansible facts] ******************************************
skipping: [unbound107]

TASK [reboot : Store reboot results] *******************************************
ok: [unbound107]

TASK [reboot : Display Reboot Report] ******************************************
ok: [unbound107] => {
    "homelab_report.reboot": {
        "performed": false,
        "required": false,
        "successful": true,
        "system_state": "not_rebooted"
    }
}

TASK [validate : Verify DNS] ***************************************************
ok: [unbound107]

TASK [validate : Gather service facts] *****************************************
ok: [unbound107]

TASK [validate : Initialize validation results] ********************************
ok: [unbound107]

TASK [validate : Build validation results] *************************************
ok: [unbound107] => (item=unbound)

TASK [validate : Store validation report] **************************************
ok: [unbound107]

TASK [validate : Display Validation Report] ************************************
ok: [unbound107] => {
    "homelab_report.validation": {
        "dns": {
            "lookup": "deb.debian.org",
            "status": "PASS"
        },
        "services": {
            "unbound": {
                "running": true
            }
        }
    }
}

TASK [validate : Publish validation health contribution] ***********************
ok: [unbound107]

TASK [health : Initialize Health Engine] ***************************************
ok: [unbound107]

TASK [health : Aggregate health contributors] **********************************
ok: [unbound107] => (item=updates)
ok: [unbound107] => (item=validation)

TASK [health : Calculate health percentage] ************************************
ok: [unbound107]

TASK [health : Set overall health status] **************************************
ok: [unbound107]

TASK [health : Store Health Report] ********************************************
ok: [unbound107]

TASK [health : Display Health Engine] ******************************************
ok: [unbound107] => {
    "homelab_health": {
        "categories": {
            "updates": {
                "earned": 20,
                "issues": [],
                "possible": 20,
                "status": "PASS"
            },
            "validation": {
                "earned": 20,
                "issues": [],
                "possible": 20,
                "status": "PASS"
            }
        },
        "issues": [],
        "overall": {
            "earned": 40,
            "possible": 40,
            "score": 100,
            "status": "HEALTHY"
        }
    }
}

TASK [report : Show report paths] **********************************************
ok: [unbound107 -> localhost] => {
    "msg": [
        "Report Root: /root/Homelab-Automation/playbooks/../reports/current",
        "History: /root/Homelab-Automation/playbooks/../reports/history",
        "Report File: /root/Homelab-Automation/playbooks/../reports/current/unbound107.md"
    ]
}

TASK [report : Ensure report directories exist] ********************************
ok: [unbound107 -> localhost] => (item=/root/Homelab-Automation/playbooks/../reports/current)
ok: [unbound107 -> localhost] => (item=/root/Homelab-Automation/playbooks/../reports/history)
ok: [unbound107 -> localhost] => (item=/root/Homelab-Automation/playbooks/../reports/json)

TASK [report : Generate Markdown report] ***************************************
changed: [unbound107 -> localhost]

TASK [report : Generate JSON report] *******************************************
ok: [unbound107 -> localhost]

TASK [report : Show template result] *******************************************
ok: [unbound107 -> localhost] => {
    "report_template": {
        "changed": true,
        "checksum": "e36a82d1c6bd3c404490a6713c530c403f29609a",
        "dest": "/root/Homelab-Automation/playbooks/../reports/current/unbound107.md",
        "diff": [],
        "failed": false,
        "gid": 0,
        "group": "root",
        "md5sum": "1c7210dacbb736fa85bdb972fbcd32f1",
        "mode": "0644",
        "owner": "root",
        "size": 847,
        "src": "/root/.ansible/tmp/ansible-tmp-1784941526.9908354-71940-18646755086611/.source.md",
        "state": "file",
        "uid": 0
    }
}

TASK [report : Archive report] *************************************************
changed: [unbound107 -> localhost]

TASK [report : Show archive result] ********************************************
ok: [unbound107 -> localhost] => {
    "report_archive": {
        "changed": true,
        "checksum": "e36a82d1c6bd3c404490a6713c530c403f29609a",
        "dest": "/root/Homelab-Automation/playbooks/../reports/history/unbound107-2026-07-24-210519.md",
        "failed": false,
        "gid": 0,
        "group": "root",
        "md5sum": "1c7210dacbb736fa85bdb972fbcd32f1",
        "mode": "0644",
        "owner": "root",
        "size": 847,
        "src": "/root/Homelab-Automation/playbooks/../reports/current/unbound107.md",
        "state": "file",
        "uid": 0
    }
}

PLAY [Homelab Maintenance Framework] *******************************************

TASK [Gathering Facts] *********************************************************
ok: [unbound108]

TASK [Display host] ************************************************************
ok: [unbound108] => {
    "msg": "========== unbound108 =========="
}

TASK [common : Initialize report data] *****************************************
ok: [unbound108]

TASK [common : Show report structure] ******************************************
ok: [unbound108] => {
    "homelab_report": {
        "host": {
            "hostname": "unbound108",
            "ip": "10.10.37.8",
            "kernel": "7.0.14-4-pve",
            "os": "Debian 13.6"
        },
        "platform": {},
        "precheck": {},
        "reboot": {},
        "updates": {},
        "validation": {}
    }
}

TASK [discovery : Detect Technitium] *******************************************
ok: [unbound108]

TASK [discovery : Detect Unbound] **********************************************
ok: [unbound108]

TASK [discovery : Detect PBS] **************************************************
ok: [unbound108]

TASK [discovery : Detect Pi-hole] **********************************************
ok: [unbound108]

TASK [precheck : Verify DNS] ***************************************************
ok: [unbound108]

TASK [precheck : Record DNS result] ********************************************
ok: [unbound108]

TASK [precheck : Verify Internet] **********************************************
ok: [unbound108]

TASK [precheck : Record Internet result] ***************************************
ok: [unbound108]

TASK [precheck : Verify Disk Space] ********************************************
ok: [unbound108]

TASK [precheck : Record Disk result] *******************************************
ok: [unbound108]

TASK [precheck : Display Precheck Report] **************************************
ok: [unbound108] => {
    "homelab_report.precheck": {
        "disk": {
            "filesystem": [
                "Filesystem                        Size  Used Avail Use% Mounted on",
                "/dev/mapper/pve-vm--301--disk--0  3.9G  812M  2.9G  22% /"
            ],
            "status": "PASS"
        },
        "dns": {
            "lookup": "deb.debian.org",
            "result": "2a04:4e42:72::644 debian.map.fastlydns.net deb.debian.org",
            "status": "PASS"
        },
        "internet": {
            "status": "PASS",
            "target": "8.8.8.8"
        }
    }
}

TASK [update : Record update start time] ***************************************
ok: [unbound108]

TASK [update : Update package cache] *******************************************
ok: [unbound108]

TASK [update : Upgrade packages] ***********************************************
ok: [unbound108]

TASK [update : Check if reboot is required] ************************************
ok: [unbound108]

TASK [update : Record update end time] *****************************************
ok: [unbound108]

TASK [update : Store update results] *******************************************
ok: [unbound108]

TASK [update : Display Update Report] ******************************************
ok: [unbound108] => {
    "homelab_report.updates": {
        "duration_seconds": 0,
        "packages_changed": false,
        "reboot_required": false
    }
}

TASK [update : Publish update health contribution] *****************************
ok: [unbound108]

TASK [reboot : Check if reboot required] ***************************************
ok: [unbound108]

TASK [reboot : Reboot host] ****************************************************
skipping: [unbound108]

TASK [reboot : Wait for SSH] ***************************************************
skipping: [unbound108]

TASK [reboot : Wait for systemd to finish booting] *****************************
skipping: [unbound108]

TASK [reboot : Refresh Ansible facts] ******************************************
skipping: [unbound108]

TASK [reboot : Store reboot results] *******************************************
ok: [unbound108]

TASK [reboot : Display Reboot Report] ******************************************
ok: [unbound108] => {
    "homelab_report.reboot": {
        "performed": false,
        "required": false,
        "successful": true,
        "system_state": "not_rebooted"
    }
}

TASK [validate : Verify DNS] ***************************************************
ok: [unbound108]

TASK [validate : Gather service facts] *****************************************
ok: [unbound108]

TASK [validate : Initialize validation results] ********************************
ok: [unbound108]

TASK [validate : Build validation results] *************************************
ok: [unbound108] => (item=unbound)

TASK [validate : Store validation report] **************************************
ok: [unbound108]

TASK [validate : Display Validation Report] ************************************
ok: [unbound108] => {
    "homelab_report.validation": {
        "dns": {
            "lookup": "deb.debian.org",
            "status": "PASS"
        },
        "services": {
            "unbound": {
                "running": true
            }
        }
    }
}

TASK [validate : Publish validation health contribution] ***********************
ok: [unbound108]

TASK [health : Initialize Health Engine] ***************************************
ok: [unbound108]

TASK [health : Aggregate health contributors] **********************************
ok: [unbound108] => (item=updates)
ok: [unbound108] => (item=validation)

TASK [health : Calculate health percentage] ************************************
ok: [unbound108]

TASK [health : Set overall health status] **************************************
ok: [unbound108]

TASK [health : Store Health Report] ********************************************
ok: [unbound108]

TASK [health : Display Health Engine] ******************************************
ok: [unbound108] => {
    "homelab_health": {
        "categories": {
            "updates": {
                "earned": 20,
                "issues": [],
                "possible": 20,
                "status": "PASS"
            },
            "validation": {
                "earned": 20,
                "issues": [],
                "possible": 20,
                "status": "PASS"
            }
        },
        "issues": [],
        "overall": {
            "earned": 40,
            "possible": 40,
            "score": 100,
            "status": "HEALTHY"
        }
    }
}

TASK [report : Show report paths] **********************************************
ok: [unbound108 -> localhost] => {
    "msg": [
        "Report Root: /root/Homelab-Automation/playbooks/../reports/current",
        "History: /root/Homelab-Automation/playbooks/../reports/history",
        "Report File: /root/Homelab-Automation/playbooks/../reports/current/unbound108.md"
    ]
}

TASK [report : Ensure report directories exist] ********************************
ok: [unbound108 -> localhost] => (item=/root/Homelab-Automation/playbooks/../reports/current)
ok: [unbound108 -> localhost] => (item=/root/Homelab-Automation/playbooks/../reports/history)
ok: [unbound108 -> localhost] => (item=/root/Homelab-Automation/playbooks/../reports/json)

TASK [report : Generate Markdown report] ***************************************
changed: [unbound108 -> localhost]

TASK [report : Generate JSON report] *******************************************
ok: [unbound108 -> localhost]

TASK [report : Show template result] *******************************************
ok: [unbound108 -> localhost] => {
    "report_template": {
        "changed": true,
        "checksum": "f5c9857b2cdf0090696bc6eef654a8ee056b3b32",
        "dest": "/root/Homelab-Automation/playbooks/../reports/current/unbound108.md",
        "diff": [],
        "failed": false,
        "gid": 0,
        "group": "root",
        "md5sum": "d54e58253ffddd72cbd9a443c043f034",
        "mode": "0644",
        "owner": "root",
        "size": 847,
        "src": "/root/.ansible/tmp/ansible-tmp-1784941539.6695912-72368-247746284071851/.source.md",
        "state": "file",
        "uid": 0
    }
}

TASK [report : Archive report] *************************************************
changed: [unbound108 -> localhost]

TASK [report : Show archive result] ********************************************
ok: [unbound108 -> localhost] => {
    "report_archive": {
        "changed": true,
        "checksum": "f5c9857b2cdf0090696bc6eef654a8ee056b3b32",
        "dest": "/root/Homelab-Automation/playbooks/../reports/history/unbound108-2026-07-24-210529.md",
        "failed": false,
        "gid": 0,
        "group": "root",
        "md5sum": "d54e58253ffddd72cbd9a443c043f034",
        "mode": "0644",
        "owner": "root",
        "size": 847,
        "src": "/root/Homelab-Automation/playbooks/../reports/current/unbound108.md",
        "state": "file",
        "uid": 0
    }
}

PLAY [Homelab Maintenance Framework] *******************************************

TASK [Gathering Facts] *********************************************************
ok: [unbound37100]

TASK [Display host] ************************************************************
ok: [unbound37100] => {
    "msg": "========== unbound37100 =========="
}

TASK [common : Initialize report data] *****************************************
ok: [unbound37100]

TASK [common : Show report structure] ******************************************
ok: [unbound37100] => {
    "homelab_report": {
        "host": {
            "hostname": "unbound37100",
            "ip": "192.168.37.100",
            "kernel": "7.0.14-5-pve",
            "os": "Debian 13.6"
        },
        "platform": {},
        "precheck": {},
        "reboot": {},
        "updates": {},
        "validation": {}
    }
}

TASK [discovery : Detect Technitium] *******************************************
ok: [unbound37100]

TASK [discovery : Detect Unbound] **********************************************
ok: [unbound37100]

TASK [discovery : Detect PBS] **************************************************
ok: [unbound37100]

TASK [discovery : Detect Pi-hole] **********************************************
ok: [unbound37100]

TASK [precheck : Verify DNS] ***************************************************
ok: [unbound37100]

TASK [precheck : Record DNS result] ********************************************
ok: [unbound37100]

TASK [precheck : Verify Internet] **********************************************
ok: [unbound37100]

TASK [precheck : Record Internet result] ***************************************
ok: [unbound37100]

TASK [precheck : Verify Disk Space] ********************************************
ok: [unbound37100]

TASK [precheck : Record Disk result] *******************************************
ok: [unbound37100]

TASK [precheck : Display Precheck Report] **************************************
ok: [unbound37100] => {
    "homelab_report.precheck": {
        "disk": {
            "filesystem": [
                "Filesystem                        Size  Used Avail Use% Mounted on",
                "/dev/mapper/pve-vm--115--disk--0   20G  823M   18G   5% /"
            ],
            "status": "PASS"
        },
        "dns": {
            "lookup": "deb.debian.org",
            "result": "2a04:4e42:72::644 debian.map.fastlydns.net deb.debian.org",
            "status": "PASS"
        },
        "internet": {
            "status": "PASS",
            "target": "8.8.8.8"
        }
    }
}

TASK [update : Record update start time] ***************************************
ok: [unbound37100]

TASK [update : Update package cache] *******************************************
ok: [unbound37100]

TASK [update : Upgrade packages] ***********************************************
ok: [unbound37100]

TASK [update : Check if reboot is required] ************************************
ok: [unbound37100]

TASK [update : Record update end time] *****************************************
ok: [unbound37100]

TASK [update : Store update results] *******************************************
ok: [unbound37100]

TASK [update : Display Update Report] ******************************************
ok: [unbound37100] => {
    "homelab_report.updates": {
        "duration_seconds": 0,
        "packages_changed": false,
        "reboot_required": false
    }
}

TASK [update : Publish update health contribution] *****************************
ok: [unbound37100]

TASK [reboot : Check if reboot required] ***************************************
ok: [unbound37100]

TASK [reboot : Reboot host] ****************************************************
skipping: [unbound37100]

TASK [reboot : Wait for SSH] ***************************************************
skipping: [unbound37100]

TASK [reboot : Wait for systemd to finish booting] *****************************
skipping: [unbound37100]

TASK [reboot : Refresh Ansible facts] ******************************************
skipping: [unbound37100]

TASK [reboot : Store reboot results] *******************************************
ok: [unbound37100]

TASK [reboot : Display Reboot Report] ******************************************
ok: [unbound37100] => {
    "homelab_report.reboot": {
        "performed": false,
        "required": false,
        "successful": true,
        "system_state": "not_rebooted"
    }
}

TASK [validate : Verify DNS] ***************************************************
ok: [unbound37100]

TASK [validate : Gather service facts] *****************************************
ok: [unbound37100]

TASK [validate : Initialize validation results] ********************************
ok: [unbound37100]

TASK [validate : Build validation results] *************************************
ok: [unbound37100] => (item=unbound)

TASK [validate : Store validation report] **************************************
ok: [unbound37100]

TASK [validate : Display Validation Report] ************************************
ok: [unbound37100] => {
    "homelab_report.validation": {
        "dns": {
            "lookup": "deb.debian.org",
            "status": "PASS"
        },
        "services": {
            "unbound": {
                "running": true
            }
        }
    }
}

TASK [validate : Publish validation health contribution] ***********************
ok: [unbound37100]

TASK [health : Initialize Health Engine] ***************************************
ok: [unbound37100]

TASK [health : Aggregate health contributors] **********************************
ok: [unbound37100] => (item=updates)
ok: [unbound37100] => (item=validation)

TASK [health : Calculate health percentage] ************************************
ok: [unbound37100]

TASK [health : Set overall health status] **************************************
ok: [unbound37100]

TASK [health : Store Health Report] ********************************************
ok: [unbound37100]

TASK [health : Display Health Engine] ******************************************
ok: [unbound37100] => {
    "homelab_health": {
        "categories": {
            "updates": {
                "earned": 20,
                "issues": [],
                "possible": 20,
                "status": "PASS"
            },
            "validation": {
                "earned": 20,
                "issues": [],
                "possible": 20,
                "status": "PASS"
            }
        },
        "issues": [],
        "overall": {
            "earned": 40,
            "possible": 40,
            "score": 100,
            "status": "HEALTHY"
        }
    }
}

TASK [report : Show report paths] **********************************************
ok: [unbound37100 -> localhost] => {
    "msg": [
        "Report Root: /root/Homelab-Automation/playbooks/../reports/current",
        "History: /root/Homelab-Automation/playbooks/../reports/history",
        "Report File: /root/Homelab-Automation/playbooks/../reports/current/unbound37100.md"
    ]
}

TASK [report : Ensure report directories exist] ********************************
ok: [unbound37100 -> localhost] => (item=/root/Homelab-Automation/playbooks/../reports/current)
ok: [unbound37100 -> localhost] => (item=/root/Homelab-Automation/playbooks/../reports/history)
ok: [unbound37100 -> localhost] => (item=/root/Homelab-Automation/playbooks/../reports/json)

TASK [report : Generate Markdown report] ***************************************
changed: [unbound37100 -> localhost]

TASK [report : Generate JSON report] *******************************************
ok: [unbound37100 -> localhost]

TASK [report : Show template result] *******************************************
ok: [unbound37100 -> localhost] => {
    "report_template": {
        "changed": true,
        "checksum": "f3877a77fc3858e71f52203c22f49c343f12fa43",
        "dest": "/root/Homelab-Automation/playbooks/../reports/current/unbound37100.md",
        "diff": [],
        "failed": false,
        "gid": 0,
        "group": "root",
        "md5sum": "b1103a87eca2b89a2daa6ef9eed9b5e0",
        "mode": "0644",
        "owner": "root",
        "size": 853,
        "src": "/root/.ansible/tmp/ansible-tmp-1784941550.5884595-72796-208118736684389/.source.md",
        "state": "file",
        "uid": 0
    }
}

TASK [report : Archive report] *************************************************
changed: [unbound37100 -> localhost]

TASK [report : Show archive result] ********************************************
ok: [unbound37100 -> localhost] => {
    "report_archive": {
        "changed": true,
        "checksum": "f3877a77fc3858e71f52203c22f49c343f12fa43",
        "dest": "/root/Homelab-Automation/playbooks/../reports/history/unbound37100-2026-07-24-210541.md",
        "failed": false,
        "gid": 0,
        "group": "root",
        "md5sum": "b1103a87eca2b89a2daa6ef9eed9b5e0",
        "mode": "0644",
        "owner": "root",
        "size": 853,
        "src": "/root/Homelab-Automation/playbooks/../reports/current/unbound37100.md",
        "state": "file",
        "uid": 0
    }
}

PLAY [Homelab Maintenance Framework] *******************************************

TASK [Gathering Facts] *********************************************************
ok: [unbound37101]

TASK [Display host] ************************************************************
ok: [unbound37101] => {
    "msg": "========== unbound37101 =========="
}

TASK [common : Initialize report data] *****************************************
ok: [unbound37101]

TASK [common : Show report structure] ******************************************
ok: [unbound37101] => {
    "homelab_report": {
        "host": {
            "hostname": "unbound37101",
            "ip": "192.168.37.101",
            "kernel": "7.0.14-5-pve",
            "os": "Debian 13.6"
        },
        "platform": {},
        "precheck": {},
        "reboot": {},
        "updates": {},
        "validation": {}
    }
}

TASK [discovery : Detect Technitium] *******************************************
ok: [unbound37101]

TASK [discovery : Detect Unbound] **********************************************
ok: [unbound37101]

TASK [discovery : Detect PBS] **************************************************
ok: [unbound37101]

TASK [discovery : Detect Pi-hole] **********************************************
ok: [unbound37101]

TASK [precheck : Verify DNS] ***************************************************
ok: [unbound37101]

TASK [precheck : Record DNS result] ********************************************
ok: [unbound37101]

TASK [precheck : Verify Internet] **********************************************
ok: [unbound37101]

TASK [precheck : Record Internet result] ***************************************
ok: [unbound37101]

TASK [precheck : Verify Disk Space] ********************************************
ok: [unbound37101]

TASK [precheck : Record Disk result] *******************************************
ok: [unbound37101]

TASK [precheck : Display Precheck Report] **************************************
ok: [unbound37101] => {
    "homelab_report.precheck": {
        "disk": {
            "filesystem": [
                "Filesystem                        Size  Used Avail Use% Mounted on",
                "/dev/mapper/pve-vm--116--disk--0   20G  825M   18G   5% /"
            ],
            "status": "PASS"
        },
        "dns": {
            "lookup": "deb.debian.org",
            "result": "2a04:4e42:72::644 debian.map.fastlydns.net deb.debian.org",
            "status": "PASS"
        },
        "internet": {
            "status": "PASS",
            "target": "8.8.8.8"
        }
    }
}

TASK [update : Record update start time] ***************************************
ok: [unbound37101]

TASK [update : Update package cache] *******************************************
ok: [unbound37101]

TASK [update : Upgrade packages] ***********************************************
ok: [unbound37101]

TASK [update : Check if reboot is required] ************************************
ok: [unbound37101]

TASK [update : Record update end time] *****************************************
ok: [unbound37101]

TASK [update : Store update results] *******************************************
ok: [unbound37101]

TASK [update : Display Update Report] ******************************************
ok: [unbound37101] => {
    "homelab_report.updates": {
        "duration_seconds": 0,
        "packages_changed": false,
        "reboot_required": false
    }
}

TASK [update : Publish update health contribution] *****************************
ok: [unbound37101]

TASK [reboot : Check if reboot required] ***************************************
ok: [unbound37101]

TASK [reboot : Reboot host] ****************************************************
skipping: [unbound37101]

TASK [reboot : Wait for SSH] ***************************************************
skipping: [unbound37101]

TASK [reboot : Wait for systemd to finish booting] *****************************
skipping: [unbound37101]

TASK [reboot : Refresh Ansible facts] ******************************************
skipping: [unbound37101]

TASK [reboot : Store reboot results] *******************************************
ok: [unbound37101]

TASK [reboot : Display Reboot Report] ******************************************
ok: [unbound37101] => {
    "homelab_report.reboot": {
        "performed": false,
        "required": false,
        "successful": true,
        "system_state": "not_rebooted"
    }
}

TASK [validate : Verify DNS] ***************************************************
ok: [unbound37101]

TASK [validate : Gather service facts] *****************************************
ok: [unbound37101]

TASK [validate : Initialize validation results] ********************************
ok: [unbound37101]

TASK [validate : Build validation results] *************************************
ok: [unbound37101] => (item=unbound)

TASK [validate : Store validation report] **************************************
ok: [unbound37101]

TASK [validate : Display Validation Report] ************************************
ok: [unbound37101] => {
    "homelab_report.validation": {
        "dns": {
            "lookup": "deb.debian.org",
            "status": "PASS"
        },
        "services": {
            "unbound": {
                "running": true
            }
        }
    }
}

TASK [validate : Publish validation health contribution] ***********************
ok: [unbound37101]

TASK [health : Initialize Health Engine] ***************************************
ok: [unbound37101]

TASK [health : Aggregate health contributors] **********************************
ok: [unbound37101] => (item=updates)
ok: [unbound37101] => (item=validation)

TASK [health : Calculate health percentage] ************************************
ok: [unbound37101]

TASK [health : Set overall health status] **************************************
ok: [unbound37101]

TASK [health : Store Health Report] ********************************************
ok: [unbound37101]

TASK [health : Display Health Engine] ******************************************
ok: [unbound37101] => {
    "homelab_health": {
        "categories": {
            "updates": {
                "earned": 20,
                "issues": [],
                "possible": 20,
                "status": "PASS"
            },
            "validation": {
                "earned": 20,
                "issues": [],
                "possible": 20,
                "status": "PASS"
            }
        },
        "issues": [],
        "overall": {
            "earned": 40,
            "possible": 40,
            "score": 100,
            "status": "HEALTHY"
        }
    }
}

TASK [report : Show report paths] **********************************************
ok: [unbound37101 -> localhost] => {
    "msg": [
        "Report Root: /root/Homelab-Automation/playbooks/../reports/current",
        "History: /root/Homelab-Automation/playbooks/../reports/history",
        "Report File: /root/Homelab-Automation/playbooks/../reports/current/unbound37101.md"
    ]
}

TASK [report : Ensure report directories exist] ********************************
ok: [unbound37101 -> localhost] => (item=/root/Homelab-Automation/playbooks/../reports/current)
ok: [unbound37101 -> localhost] => (item=/root/Homelab-Automation/playbooks/../reports/history)
ok: [unbound37101 -> localhost] => (item=/root/Homelab-Automation/playbooks/../reports/json)

TASK [report : Generate Markdown report] ***************************************
changed: [unbound37101 -> localhost]

TASK [report : Generate JSON report] *******************************************
ok: [unbound37101 -> localhost]

TASK [report : Show template result] *******************************************
ok: [unbound37101 -> localhost] => {
    "report_template": {
        "changed": true,
        "checksum": "cbb35baaf5f43dd543d30f945dae41752d3f3834",
        "dest": "/root/Homelab-Automation/playbooks/../reports/current/unbound37101.md",
        "diff": [],
        "failed": false,
        "gid": 0,
        "group": "root",
        "md5sum": "53ef98784137d744397bd1aaaa30f2d2",
        "mode": "0644",
        "owner": "root",
        "size": 853,
        "src": "/root/.ansible/tmp/ansible-tmp-1784941561.3994293-73224-182452310881288/.source.md",
        "state": "file",
        "uid": 0
    }
}

TASK [report : Archive report] *************************************************
changed: [unbound37101 -> localhost]

TASK [report : Show archive result] ********************************************
ok: [unbound37101 -> localhost] => {
    "report_archive": {
        "changed": true,
        "checksum": "cbb35baaf5f43dd543d30f945dae41752d3f3834",
        "dest": "/root/Homelab-Automation/playbooks/../reports/history/unbound37101-2026-07-24-210552.md",
        "failed": false,
        "gid": 0,
        "group": "root",
        "md5sum": "53ef98784137d744397bd1aaaa30f2d2",
        "mode": "0644",
        "owner": "root",
        "size": 853,
        "src": "/root/Homelab-Automation/playbooks/../reports/current/unbound37101.md",
        "state": "file",
        "uid": 0
    }
}

PLAY [Homelab Maintenance Framework] *******************************************

TASK [Gathering Facts] *********************************************************
ok: [unbound1007]

TASK [Display host] ************************************************************
ok: [unbound1007] => {
    "msg": "========== unbound1007 =========="
}

TASK [common : Initialize report data] *****************************************
ok: [unbound1007]

TASK [common : Show report structure] ******************************************
ok: [unbound1007] => {
    "homelab_report": {
        "host": {
            "hostname": "unbound1007",
            "ip": "192.168.10.7",
            "kernel": "7.0.14-5-pve",
            "os": "Debian 13.6"
        },
        "platform": {},
        "precheck": {},
        "reboot": {},
        "updates": {},
        "validation": {}
    }
}

TASK [discovery : Detect Technitium] *******************************************
ok: [unbound1007]

TASK [discovery : Detect Unbound] **********************************************
ok: [unbound1007]

TASK [discovery : Detect PBS] **************************************************
ok: [unbound1007]

TASK [discovery : Detect Pi-hole] **********************************************
ok: [unbound1007]

TASK [precheck : Verify DNS] ***************************************************
ok: [unbound1007]

TASK [precheck : Record DNS result] ********************************************
ok: [unbound1007]

TASK [precheck : Verify Internet] **********************************************
ok: [unbound1007]

TASK [precheck : Record Internet result] ***************************************
ok: [unbound1007]

TASK [precheck : Verify Disk Space] ********************************************
ok: [unbound1007]

TASK [precheck : Record Disk result] *******************************************
ok: [unbound1007]

TASK [precheck : Display Precheck Report] **************************************
ok: [unbound1007] => {
    "homelab_report.precheck": {
        "disk": {
            "filesystem": [
                "Filesystem                        Size  Used Avail Use% Mounted on",
                "/dev/mapper/pve-vm--200--disk--0   15G  820M   14G   6% /"
            ],
            "status": "PASS"
        },
        "dns": {
            "lookup": "deb.debian.org",
            "result": "2a04:4e42:600::644 debian.map.fastlydns.net deb.debian.org\n2a04:4e42::644  debian.map.fastlydns.net deb.debian.org\n2a04:4e42:200::644 debian.map.fastlydns.net deb.debian.org\n2a04:4e42:400::644 debian.map.fastlydns.net deb.debian.org",
            "status": "PASS"
        },
        "internet": {
            "status": "PASS",
            "target": "8.8.8.8"
        }
    }
}

TASK [update : Record update start time] ***************************************
ok: [unbound1007]

TASK [update : Update package cache] *******************************************
ok: [unbound1007]

TASK [update : Upgrade packages] ***********************************************
ok: [unbound1007]

TASK [update : Check if reboot is required] ************************************
ok: [unbound1007]

TASK [update : Record update end time] *****************************************
ok: [unbound1007]

TASK [update : Store update results] *******************************************
ok: [unbound1007]

TASK [update : Display Update Report] ******************************************
ok: [unbound1007] => {
    "homelab_report.updates": {
        "duration_seconds": 0,
        "packages_changed": false,
        "reboot_required": false
    }
}

TASK [update : Publish update health contribution] *****************************
ok: [unbound1007]

TASK [reboot : Check if reboot required] ***************************************
ok: [unbound1007]

TASK [reboot : Reboot host] ****************************************************
skipping: [unbound1007]

TASK [reboot : Wait for SSH] ***************************************************
skipping: [unbound1007]

TASK [reboot : Wait for systemd to finish booting] *****************************
skipping: [unbound1007]

TASK [reboot : Refresh Ansible facts] ******************************************
skipping: [unbound1007]

TASK [reboot : Store reboot results] *******************************************
ok: [unbound1007]

TASK [reboot : Display Reboot Report] ******************************************
ok: [unbound1007] => {
    "homelab_report.reboot": {
        "performed": false,
        "required": false,
        "successful": true,
        "system_state": "not_rebooted"
    }
}

TASK [validate : Verify DNS] ***************************************************
ok: [unbound1007]

TASK [validate : Gather service facts] *****************************************
ok: [unbound1007]

TASK [validate : Initialize validation results] ********************************
ok: [unbound1007]

TASK [validate : Build validation results] *************************************
ok: [unbound1007] => (item=unbound)

TASK [validate : Store validation report] **************************************
ok: [unbound1007]

TASK [validate : Display Validation Report] ************************************
ok: [unbound1007] => {
    "homelab_report.validation": {
        "dns": {
            "lookup": "deb.debian.org",
            "status": "PASS"
        },
        "services": {
            "unbound": {
                "running": true
            }
        }
    }
}

TASK [validate : Publish validation health contribution] ***********************
ok: [unbound1007]

TASK [health : Initialize Health Engine] ***************************************
ok: [unbound1007]

TASK [health : Aggregate health contributors] **********************************
ok: [unbound1007] => (item=updates)
ok: [unbound1007] => (item=validation)

TASK [health : Calculate health percentage] ************************************
ok: [unbound1007]

TASK [health : Set overall health status] **************************************
ok: [unbound1007]

TASK [health : Store Health Report] ********************************************
ok: [unbound1007]

TASK [health : Display Health Engine] ******************************************
ok: [unbound1007] => {
    "homelab_health": {
        "categories": {
            "updates": {
                "earned": 20,
                "issues": [],
                "possible": 20,
                "status": "PASS"
            },
            "validation": {
                "earned": 20,
                "issues": [],
                "possible": 20,
                "status": "PASS"
            }
        },
        "issues": [],
        "overall": {
            "earned": 40,
            "possible": 40,
            "score": 100,
            "status": "HEALTHY"
        }
    }
}

TASK [report : Show report paths] **********************************************
ok: [unbound1007 -> localhost] => {
    "msg": [
        "Report Root: /root/Homelab-Automation/playbooks/../reports/current",
        "History: /root/Homelab-Automation/playbooks/../reports/history",
        "Report File: /root/Homelab-Automation/playbooks/../reports/current/unbound1007.md"
    ]
}

TASK [report : Ensure report directories exist] ********************************
ok: [unbound1007 -> localhost] => (item=/root/Homelab-Automation/playbooks/../reports/current)
ok: [unbound1007 -> localhost] => (item=/root/Homelab-Automation/playbooks/../reports/history)
ok: [unbound1007 -> localhost] => (item=/root/Homelab-Automation/playbooks/../reports/json)

TASK [report : Generate Markdown report] ***************************************
changed: [unbound1007 -> localhost]

TASK [report : Generate JSON report] *******************************************
changed: [unbound1007 -> localhost]

TASK [report : Show template result] *******************************************
ok: [unbound1007 -> localhost] => {
    "report_template": {
        "changed": true,
        "checksum": "a9ad4ffe2b78d05aa7818108b438757f8a639402",
        "dest": "/root/Homelab-Automation/playbooks/../reports/current/unbound1007.md",
        "diff": [],
        "failed": false,
        "gid": 0,
        "group": "root",
        "md5sum": "ec8a6fb61a8e0b89330f0f6e9043453e",
        "mode": "0644",
        "owner": "root",
        "size": 850,
        "src": "/root/.ansible/tmp/ansible-tmp-1784941572.95197-73652-263159805404340/.source.md",
        "state": "file",
        "uid": 0
    }
}

TASK [report : Archive report] *************************************************
changed: [unbound1007 -> localhost]

TASK [report : Show archive result] ********************************************
ok: [unbound1007 -> localhost] => {
    "report_archive": {
        "changed": true,
        "checksum": "a9ad4ffe2b78d05aa7818108b438757f8a639402",
        "dest": "/root/Homelab-Automation/playbooks/../reports/history/unbound1007-2026-07-24-210602.md",
        "failed": false,
        "gid": 0,
        "group": "root",
        "md5sum": "ec8a6fb61a8e0b89330f0f6e9043453e",
        "mode": "0644",
        "owner": "root",
        "size": 850,
        "src": "/root/Homelab-Automation/playbooks/../reports/current/unbound1007.md",
        "state": "file",
        "uid": 0
    }
}

PLAY [Homelab Maintenance Framework] *******************************************

TASK [Gathering Facts] *********************************************************
ok: [unbound1008]

TASK [Display host] ************************************************************
ok: [unbound1008] => {
    "msg": "========== unbound1008 =========="
}

TASK [common : Initialize report data] *****************************************
ok: [unbound1008]

TASK [common : Show report structure] ******************************************
ok: [unbound1008] => {
    "homelab_report": {
        "host": {
            "hostname": "unbound1008",
            "ip": "192.168.10.8",
            "kernel": "7.0.14-5-pve",
            "os": "Debian 13.6"
        },
        "platform": {},
        "precheck": {},
        "reboot": {},
        "updates": {},
        "validation": {}
    }
}

TASK [discovery : Detect Technitium] *******************************************
ok: [unbound1008]

TASK [discovery : Detect Unbound] **********************************************
ok: [unbound1008]

TASK [discovery : Detect PBS] **************************************************
ok: [unbound1008]

TASK [discovery : Detect Pi-hole] **********************************************
ok: [unbound1008]

TASK [precheck : Verify DNS] ***************************************************
ok: [unbound1008]

TASK [precheck : Record DNS result] ********************************************
ok: [unbound1008]

TASK [precheck : Verify Internet] **********************************************
ok: [unbound1008]

TASK [precheck : Record Internet result] ***************************************
ok: [unbound1008]

TASK [precheck : Verify Disk Space] ********************************************
ok: [unbound1008]

TASK [precheck : Record Disk result] *******************************************
ok: [unbound1008]

TASK [precheck : Display Precheck Report] **************************************
ok: [unbound1008] => {
    "homelab_report.precheck": {
        "disk": {
            "filesystem": [
                "Filesystem                        Size  Used Avail Use% Mounted on",
                "/dev/mapper/pve-vm--201--disk--0   15G  826M   14G   6% /"
            ],
            "status": "PASS"
        },
        "dns": {
            "lookup": "deb.debian.org",
            "result": "2a04:4e42:600::644 debian.map.fastlydns.net deb.debian.org\n2a04:4e42::644  debian.map.fastlydns.net deb.debian.org\n2a04:4e42:200::644 debian.map.fastlydns.net deb.debian.org\n2a04:4e42:400::644 debian.map.fastlydns.net deb.debian.org",
            "status": "PASS"
        },
        "internet": {
            "status": "PASS",
            "target": "8.8.8.8"
        }
    }
}

TASK [update : Record update start time] ***************************************
ok: [unbound1008]

TASK [update : Update package cache] *******************************************
ok: [unbound1008]

TASK [update : Upgrade packages] ***********************************************
ok: [unbound1008]

TASK [update : Check if reboot is required] ************************************
ok: [unbound1008]

TASK [update : Record update end time] *****************************************
ok: [unbound1008]

TASK [update : Store update results] *******************************************
ok: [unbound1008]

TASK [update : Display Update Report] ******************************************
ok: [unbound1008] => {
    "homelab_report.updates": {
        "duration_seconds": 0,
        "packages_changed": false,
        "reboot_required": false
    }
}

TASK [update : Publish update health contribution] *****************************
ok: [unbound1008]

TASK [reboot : Check if reboot required] ***************************************
ok: [unbound1008]

TASK [reboot : Reboot host] ****************************************************
skipping: [unbound1008]

TASK [reboot : Wait for SSH] ***************************************************
skipping: [unbound1008]

TASK [reboot : Wait for systemd to finish booting] *****************************
skipping: [unbound1008]

TASK [reboot : Refresh Ansible facts] ******************************************
skipping: [unbound1008]

TASK [reboot : Store reboot results] *******************************************
ok: [unbound1008]

TASK [reboot : Display Reboot Report] ******************************************
ok: [unbound1008] => {
    "homelab_report.reboot": {
        "performed": false,
        "required": false,
        "successful": true,
        "system_state": "not_rebooted"
    }
}

TASK [validate : Verify DNS] ***************************************************
ok: [unbound1008]

TASK [validate : Gather service facts] *****************************************
ok: [unbound1008]

TASK [validate : Initialize validation results] ********************************
ok: [unbound1008]

TASK [validate : Build validation results] *************************************
ok: [unbound1008] => (item=unbound)

TASK [validate : Store validation report] **************************************
ok: [unbound1008]

TASK [validate : Display Validation Report] ************************************
ok: [unbound1008] => {
    "homelab_report.validation": {
        "dns": {
            "lookup": "deb.debian.org",
            "status": "PASS"
        },
        "services": {
            "unbound": {
                "running": true
            }
        }
    }
}

TASK [validate : Publish validation health contribution] ***********************
ok: [unbound1008]

TASK [health : Initialize Health Engine] ***************************************
ok: [unbound1008]

TASK [health : Aggregate health contributors] **********************************
ok: [unbound1008] => (item=updates)
ok: [unbound1008] => (item=validation)

TASK [health : Calculate health percentage] ************************************
ok: [unbound1008]

TASK [health : Set overall health status] **************************************
ok: [unbound1008]

TASK [health : Store Health Report] ********************************************
ok: [unbound1008]

TASK [health : Display Health Engine] ******************************************
ok: [unbound1008] => {
    "homelab_health": {
        "categories": {
            "updates": {
                "earned": 20,
                "issues": [],
                "possible": 20,
                "status": "PASS"
            },
            "validation": {
                "earned": 20,
                "issues": [],
                "possible": 20,
                "status": "PASS"
            }
        },
        "issues": [],
        "overall": {
            "earned": 40,
            "possible": 40,
            "score": 100,
            "status": "HEALTHY"
        }
    }
}

TASK [report : Show report paths] **********************************************
ok: [unbound1008 -> localhost] => {
    "msg": [
        "Report Root: /root/Homelab-Automation/playbooks/../reports/current",
        "History: /root/Homelab-Automation/playbooks/../reports/history",
        "Report File: /root/Homelab-Automation/playbooks/../reports/current/unbound1008.md"
    ]
}

TASK [report : Ensure report directories exist] ********************************
ok: [unbound1008 -> localhost] => (item=/root/Homelab-Automation/playbooks/../reports/current)
ok: [unbound1008 -> localhost] => (item=/root/Homelab-Automation/playbooks/../reports/history)
ok: [unbound1008 -> localhost] => (item=/root/Homelab-Automation/playbooks/../reports/json)

TASK [report : Generate Markdown report] ***************************************
changed: [unbound1008 -> localhost]

TASK [report : Generate JSON report] *******************************************
changed: [unbound1008 -> localhost]

TASK [report : Show template result] *******************************************
ok: [unbound1008 -> localhost] => {
    "report_template": {
        "changed": true,
        "checksum": "906b373af92e6e3f3fd59f57b2ed5908d2286415",
        "dest": "/root/Homelab-Automation/playbooks/../reports/current/unbound1008.md",
        "diff": [],
        "failed": false,
        "gid": 0,
        "group": "root",
        "md5sum": "6ae347d75603dd578f4fbcd405941cf5",
        "mode": "0644",
        "owner": "root",
        "size": 850,
        "src": "/root/.ansible/tmp/ansible-tmp-1784941583.996619-74084-20440478519623/.source.md",
        "state": "file",
        "uid": 0
    }
}

TASK [report : Archive report] *************************************************
changed: [unbound1008 -> localhost]

TASK [report : Show archive result] ********************************************
ok: [unbound1008 -> localhost] => {
    "report_archive": {
        "changed": true,
        "checksum": "906b373af92e6e3f3fd59f57b2ed5908d2286415",
        "dest": "/root/Homelab-Automation/playbooks/../reports/history/unbound1008-2026-07-24-210614.md",
        "failed": false,
        "gid": 0,
        "group": "root",
        "md5sum": "6ae347d75603dd578f4fbcd405941cf5",
        "mode": "0644",
        "owner": "root",
        "size": 850,
        "src": "/root/Homelab-Automation/playbooks/../reports/current/unbound1008.md",
        "state": "file",
        "uid": 0
    }
}

PLAY [Homelab Maintenance Framework] *******************************************

TASK [Gathering Facts] *********************************************************
ok: [dns1009]

TASK [Display host] ************************************************************
ok: [dns1009] => {
    "msg": "========== dns1009 =========="
}

TASK [common : Initialize report data] *****************************************
ok: [dns1009]

TASK [common : Show report structure] ******************************************
ok: [dns1009] => {
    "homelab_report": {
        "host": {
            "hostname": "dns1009",
            "ip": "10.10.37.9",
            "kernel": "7.0.14-4-pve",
            "os": "Debian 13.6"
        },
        "platform": {},
        "precheck": {},
        "reboot": {},
        "updates": {},
        "validation": {}
    }
}

TASK [discovery : Detect Technitium] *******************************************
ok: [dns1009]

TASK [discovery : Detect Unbound] **********************************************
ok: [dns1009]

TASK [discovery : Detect PBS] **************************************************
ok: [dns1009]

TASK [discovery : Detect Pi-hole] **********************************************
ok: [dns1009]

TASK [precheck : Verify DNS] ***************************************************
ok: [dns1009]

TASK [precheck : Record DNS result] ********************************************
ok: [dns1009]

TASK [precheck : Verify Internet] **********************************************
ok: [dns1009]

TASK [precheck : Record Internet result] ***************************************
ok: [dns1009]

TASK [precheck : Verify Disk Space] ********************************************
ok: [dns1009]

TASK [precheck : Record Disk result] *******************************************
ok: [dns1009]

TASK [precheck : Display Precheck Report] **************************************
ok: [dns1009] => {
    "homelab_report.precheck": {
        "disk": {
            "filesystem": [
                "Filesystem                        Size  Used Avail Use% Mounted on",
                "/dev/mapper/pve-vm--310--disk--0  7.8G  2.5G  5.0G  34% /"
            ],
            "status": "PASS"
        },
        "dns": {
            "lookup": "deb.debian.org",
            "result": "2a04:4e42:72::644 debian.map.fastlydns.net deb.debian.org",
            "status": "PASS"
        },
        "internet": {
            "status": "PASS",
            "target": "8.8.8.8"
        }
    }
}

TASK [update : Record update start time] ***************************************
ok: [dns1009]

TASK [update : Update package cache] *******************************************
ok: [dns1009]

TASK [update : Upgrade packages] ***********************************************
ok: [dns1009]

TASK [update : Check if reboot is required] ************************************
ok: [dns1009]

TASK [update : Record update end time] *****************************************
ok: [dns1009]

TASK [update : Store update results] *******************************************
ok: [dns1009]

TASK [update : Display Update Report] ******************************************
ok: [dns1009] => {
    "homelab_report.updates": {
        "duration_seconds": 0,
        "packages_changed": false,
        "reboot_required": false
    }
}

TASK [update : Publish update health contribution] *****************************
ok: [dns1009]

TASK [reboot : Check if reboot required] ***************************************
ok: [dns1009]

TASK [reboot : Reboot host] ****************************************************
skipping: [dns1009]

TASK [reboot : Wait for SSH] ***************************************************
skipping: [dns1009]

TASK [reboot : Wait for systemd to finish booting] *****************************
skipping: [dns1009]

TASK [reboot : Refresh Ansible facts] ******************************************
skipping: [dns1009]

TASK [reboot : Store reboot results] *******************************************
ok: [dns1009]

TASK [reboot : Display Reboot Report] ******************************************
ok: [dns1009] => {
    "homelab_report.reboot": {
        "performed": false,
        "required": false,
        "successful": true,
        "system_state": "not_rebooted"
    }
}

TASK [validate : Verify DNS] ***************************************************
ok: [dns1009]

TASK [validate : Gather service facts] *****************************************
ok: [dns1009]

TASK [validate : Initialize validation results] ********************************
ok: [dns1009]

TASK [validate : Build validation results] *************************************
ok: [dns1009] => (item=technitium)

TASK [validate : Store validation report] **************************************
ok: [dns1009]

TASK [validate : Display Validation Report] ************************************
ok: [dns1009] => {
    "homelab_report.validation": {
        "dns": {
            "lookup": "deb.debian.org",
            "status": "PASS"
        },
        "services": {
            "technitium": {
                "running": true
            }
        }
    }
}

TASK [validate : Publish validation health contribution] ***********************
ok: [dns1009]

TASK [health : Initialize Health Engine] ***************************************
ok: [dns1009]

TASK [health : Aggregate health contributors] **********************************
ok: [dns1009] => (item=updates)
ok: [dns1009] => (item=validation)

TASK [health : Calculate health percentage] ************************************
ok: [dns1009]

TASK [health : Set overall health status] **************************************
ok: [dns1009]

TASK [health : Store Health Report] ********************************************
ok: [dns1009]

TASK [health : Display Health Engine] ******************************************
ok: [dns1009] => {
    "homelab_health": {
        "categories": {
            "updates": {
                "earned": 20,
                "issues": [],
                "possible": 20,
                "status": "PASS"
            },
            "validation": {
                "earned": 20,
                "issues": [],
                "possible": 20,
                "status": "PASS"
            }
        },
        "issues": [],
        "overall": {
            "earned": 40,
            "possible": 40,
            "score": 100,
            "status": "HEALTHY"
        }
    }
}

TASK [report : Show report paths] **********************************************
ok: [dns1009 -> localhost] => {
    "msg": [
        "Report Root: /root/Homelab-Automation/playbooks/../reports/current",
        "History: /root/Homelab-Automation/playbooks/../reports/history",
        "Report File: /root/Homelab-Automation/playbooks/../reports/current/dns1009.md"
    ]
}

TASK [report : Ensure report directories exist] ********************************
ok: [dns1009 -> localhost] => (item=/root/Homelab-Automation/playbooks/../reports/current)
ok: [dns1009 -> localhost] => (item=/root/Homelab-Automation/playbooks/../reports/history)
ok: [dns1009 -> localhost] => (item=/root/Homelab-Automation/playbooks/../reports/json)

TASK [report : Generate Markdown report] ***************************************
changed: [dns1009 -> localhost]

TASK [report : Generate JSON report] *******************************************
ok: [dns1009 -> localhost]

TASK [report : Show template result] *******************************************
ok: [dns1009 -> localhost] => {
    "report_template": {
        "changed": true,
        "checksum": "34949bd0f707f88ad3604317e2c7114316e1aa17",
        "dest": "/root/Homelab-Automation/playbooks/../reports/current/dns1009.md",
        "diff": [],
        "failed": false,
        "gid": 0,
        "group": "root",
        "md5sum": "593bb6123b6744ba5c76d4d40056521d",
        "mode": "0644",
        "owner": "root",
        "size": 847,
        "src": "/root/.ansible/tmp/ansible-tmp-1784941591.8344414-74516-193914897038479/.source.md",
        "state": "file",
        "uid": 0
    }
}

TASK [report : Archive report] *************************************************
changed: [dns1009 -> localhost]

TASK [report : Show archive result] ********************************************
ok: [dns1009 -> localhost] => {
    "report_archive": {
        "changed": true,
        "checksum": "34949bd0f707f88ad3604317e2c7114316e1aa17",
        "dest": "/root/Homelab-Automation/playbooks/../reports/history/dns1009-2026-07-24-210625.md",
        "failed": false,
        "gid": 0,
        "group": "root",
        "md5sum": "593bb6123b6744ba5c76d4d40056521d",
        "mode": "0644",
        "owner": "root",
        "size": 847,
        "src": "/root/Homelab-Automation/playbooks/../reports/current/dns1009.md",
        "state": "file",
        "uid": 0
    }
}

PLAY [Homelab Maintenance Framework] *******************************************

TASK [Gathering Facts] *********************************************************
ok: [dns1011]

TASK [Display host] ************************************************************
ok: [dns1011] => {
    "msg": "========== dns1011 =========="
}

TASK [common : Initialize report data] *****************************************
ok: [dns1011]

TASK [common : Show report structure] ******************************************
ok: [dns1011] => {
    "homelab_report": {
        "host": {
            "hostname": "dns1011",
            "ip": "10.10.37.11",
            "kernel": "7.0.14-4-pve",
            "os": "Debian 13.6"
        },
        "platform": {},
        "precheck": {},
        "reboot": {},
        "updates": {},
        "validation": {}
    }
}

TASK [discovery : Detect Technitium] *******************************************
ok: [dns1011]

TASK [discovery : Detect Unbound] **********************************************
ok: [dns1011]

TASK [discovery : Detect PBS] **************************************************
ok: [dns1011]

TASK [discovery : Detect Pi-hole] **********************************************
ok: [dns1011]

TASK [precheck : Verify DNS] ***************************************************
ok: [dns1011]

TASK [precheck : Record DNS result] ********************************************
ok: [dns1011]

TASK [precheck : Verify Internet] **********************************************
ok: [dns1011]

TASK [precheck : Record Internet result] ***************************************
ok: [dns1011]

TASK [precheck : Verify Disk Space] ********************************************
ok: [dns1011]

TASK [precheck : Record Disk result] *******************************************
ok: [dns1011]

TASK [precheck : Display Precheck Report] **************************************
ok: [dns1011] => {
    "homelab_report.precheck": {
        "disk": {
            "filesystem": [
                "Filesystem                        Size  Used Avail Use% Mounted on",
                "/dev/mapper/pve-vm--312--disk--0  7.8G  2.1G  5.4G  28% /"
            ],
            "status": "PASS"
        },
        "dns": {
            "lookup": "deb.debian.org",
            "result": "2a04:4e42:72::644 debian.map.fastlydns.net deb.debian.org",
            "status": "PASS"
        },
        "internet": {
            "status": "PASS",
            "target": "8.8.8.8"
        }
    }
}

TASK [update : Record update start time] ***************************************
ok: [dns1011]

TASK [update : Update package cache] *******************************************
ok: [dns1011]

TASK [update : Upgrade packages] ***********************************************
ok: [dns1011]

TASK [update : Check if reboot is required] ************************************
ok: [dns1011]

TASK [update : Record update end time] *****************************************
ok: [dns1011]

TASK [update : Store update results] *******************************************
ok: [dns1011]

TASK [update : Display Update Report] ******************************************
ok: [dns1011] => {
    "homelab_report.updates": {
        "duration_seconds": 0,
        "packages_changed": false,
        "reboot_required": false
    }
}

TASK [update : Publish update health contribution] *****************************
ok: [dns1011]

TASK [reboot : Check if reboot required] ***************************************
ok: [dns1011]

TASK [reboot : Reboot host] ****************************************************
skipping: [dns1011]

TASK [reboot : Wait for SSH] ***************************************************
skipping: [dns1011]

TASK [reboot : Wait for systemd to finish booting] *****************************
skipping: [dns1011]

TASK [reboot : Refresh Ansible facts] ******************************************
skipping: [dns1011]

TASK [reboot : Store reboot results] *******************************************
ok: [dns1011]

TASK [reboot : Display Reboot Report] ******************************************
ok: [dns1011] => {
    "homelab_report.reboot": {
        "performed": false,
        "required": false,
        "successful": true,
        "system_state": "not_rebooted"
    }
}

TASK [validate : Verify DNS] ***************************************************
ok: [dns1011]

TASK [validate : Gather service facts] *****************************************
ok: [dns1011]

TASK [validate : Initialize validation results] ********************************
ok: [dns1011]

TASK [validate : Build validation results] *************************************
ok: [dns1011] => (item=technitium)

TASK [validate : Store validation report] **************************************
ok: [dns1011]

TASK [validate : Display Validation Report] ************************************
ok: [dns1011] => {
    "homelab_report.validation": {
        "dns": {
            "lookup": "deb.debian.org",
            "status": "PASS"
        },
        "services": {
            "technitium": {
                "running": true
            }
        }
    }
}

TASK [validate : Publish validation health contribution] ***********************
ok: [dns1011]

TASK [health : Initialize Health Engine] ***************************************
ok: [dns1011]

TASK [health : Aggregate health contributors] **********************************
ok: [dns1011] => (item=updates)
ok: [dns1011] => (item=validation)

TASK [health : Calculate health percentage] ************************************
ok: [dns1011]

TASK [health : Set overall health status] **************************************
ok: [dns1011]

TASK [health : Store Health Report] ********************************************
ok: [dns1011]

TASK [health : Display Health Engine] ******************************************
ok: [dns1011] => {
    "homelab_health": {
        "categories": {
            "updates": {
                "earned": 20,
                "issues": [],
                "possible": 20,
                "status": "PASS"
            },
            "validation": {
                "earned": 20,
                "issues": [],
                "possible": 20,
                "status": "PASS"
            }
        },
        "issues": [],
        "overall": {
            "earned": 40,
            "possible": 40,
            "score": 100,
            "status": "HEALTHY"
        }
    }
}

TASK [report : Show report paths] **********************************************
ok: [dns1011 -> localhost] => {
    "msg": [
        "Report Root: /root/Homelab-Automation/playbooks/../reports/current",
        "History: /root/Homelab-Automation/playbooks/../reports/history",
        "Report File: /root/Homelab-Automation/playbooks/../reports/current/dns1011.md"
    ]
}

TASK [report : Ensure report directories exist] ********************************
ok: [dns1011 -> localhost] => (item=/root/Homelab-Automation/playbooks/../reports/current)
ok: [dns1011 -> localhost] => (item=/root/Homelab-Automation/playbooks/../reports/history)
ok: [dns1011 -> localhost] => (item=/root/Homelab-Automation/playbooks/../reports/json)

TASK [report : Generate Markdown report] ***************************************
changed: [dns1011 -> localhost]

TASK [report : Generate JSON report] *******************************************
ok: [dns1011 -> localhost]

TASK [report : Show template result] *******************************************
ok: [dns1011 -> localhost] => {
    "report_template": {
        "changed": true,
        "checksum": "8a1b6979334086be951619a88831e51936bcc934",
        "dest": "/root/Homelab-Automation/playbooks/../reports/current/dns1011.md",
        "diff": [],
        "failed": false,
        "gid": 0,
        "group": "root",
        "md5sum": "e4debbe5f3b65c73f934a01b847240ff",
        "mode": "0644",
        "owner": "root",
        "size": 848,
        "src": "/root/.ansible/tmp/ansible-tmp-1784941604.6299064-74944-203970812423033/.source.md",
        "state": "file",
        "uid": 0
    }
}

TASK [report : Archive report] *************************************************
changed: [dns1011 -> localhost]

TASK [report : Show archive result] ********************************************
ok: [dns1011 -> localhost] => {
    "report_archive": {
        "changed": true,
        "checksum": "8a1b6979334086be951619a88831e51936bcc934",
        "dest": "/root/Homelab-Automation/playbooks/../reports/history/dns1011-2026-07-24-210633.md",
        "failed": false,
        "gid": 0,
        "group": "root",
        "md5sum": "e4debbe5f3b65c73f934a01b847240ff",
        "mode": "0644",
        "owner": "root",
        "size": 848,
        "src": "/root/Homelab-Automation/playbooks/../reports/current/dns1011.md",
        "state": "file",
        "uid": 0
    }
}

PLAY [Homelab Maintenance Framework] *******************************************

TASK [Gathering Facts] *********************************************************
ok: [dns1012]

TASK [Display host] ************************************************************
ok: [dns1012] => {
    "msg": "========== dns1012 =========="
}

TASK [common : Initialize report data] *****************************************
ok: [dns1012]

TASK [common : Show report structure] ******************************************
ok: [dns1012] => {
    "homelab_report": {
        "host": {
            "hostname": "dns1012",
            "ip": "10.10.37.12",
            "kernel": "7.0.14-4-pve",
            "os": "Debian 13.6"
        },
        "platform": {},
        "precheck": {},
        "reboot": {},
        "updates": {},
        "validation": {}
    }
}

TASK [discovery : Detect Technitium] *******************************************
ok: [dns1012]

TASK [discovery : Detect Unbound] **********************************************
ok: [dns1012]

TASK [discovery : Detect PBS] **************************************************
ok: [dns1012]

TASK [discovery : Detect Pi-hole] **********************************************
ok: [dns1012]

TASK [precheck : Verify DNS] ***************************************************
ok: [dns1012]

TASK [precheck : Record DNS result] ********************************************
ok: [dns1012]

TASK [precheck : Verify Internet] **********************************************
ok: [dns1012]

TASK [precheck : Record Internet result] ***************************************
ok: [dns1012]

TASK [precheck : Verify Disk Space] ********************************************
ok: [dns1012]

TASK [precheck : Record Disk result] *******************************************
ok: [dns1012]

TASK [precheck : Display Precheck Report] **************************************
ok: [dns1012] => {
    "homelab_report.precheck": {
        "disk": {
            "filesystem": [
                "Filesystem                        Size  Used Avail Use% Mounted on",
                "/dev/mapper/pve-vm--311--disk--0  7.8G  2.1G  5.4G  28% /"
            ],
            "status": "PASS"
        },
        "dns": {
            "lookup": "deb.debian.org",
            "result": "2a04:4e42:72::644 debian.map.fastlydns.net deb.debian.org",
            "status": "PASS"
        },
        "internet": {
            "status": "PASS",
            "target": "8.8.8.8"
        }
    }
}

TASK [update : Record update start time] ***************************************
ok: [dns1012]

TASK [update : Update package cache] *******************************************
ok: [dns1012]

TASK [update : Upgrade packages] ***********************************************
ok: [dns1012]

TASK [update : Check if reboot is required] ************************************
ok: [dns1012]

TASK [update : Record update end time] *****************************************
ok: [dns1012]

TASK [update : Store update results] *******************************************
ok: [dns1012]

TASK [update : Display Update Report] ******************************************
ok: [dns1012] => {
    "homelab_report.updates": {
        "duration_seconds": 0,
        "packages_changed": false,
        "reboot_required": false
    }
}

TASK [update : Publish update health contribution] *****************************
ok: [dns1012]

TASK [reboot : Check if reboot required] ***************************************
ok: [dns1012]

TASK [reboot : Reboot host] ****************************************************
skipping: [dns1012]

TASK [reboot : Wait for SSH] ***************************************************
skipping: [dns1012]

TASK [reboot : Wait for systemd to finish booting] *****************************
skipping: [dns1012]

TASK [reboot : Refresh Ansible facts] ******************************************
skipping: [dns1012]

TASK [reboot : Store reboot results] *******************************************
ok: [dns1012]

TASK [reboot : Display Reboot Report] ******************************************
ok: [dns1012] => {
    "homelab_report.reboot": {
        "performed": false,
        "required": false,
        "successful": true,
        "system_state": "not_rebooted"
    }
}

TASK [validate : Verify DNS] ***************************************************
ok: [dns1012]

TASK [validate : Gather service facts] *****************************************
ok: [dns1012]

TASK [validate : Initialize validation results] ********************************
ok: [dns1012]

TASK [validate : Build validation results] *************************************
ok: [dns1012] => (item=technitium)

TASK [validate : Store validation report] **************************************
ok: [dns1012]

TASK [validate : Display Validation Report] ************************************
ok: [dns1012] => {
    "homelab_report.validation": {
        "dns": {
            "lookup": "deb.debian.org",
            "status": "PASS"
        },
        "services": {
            "technitium": {
                "running": true
            }
        }
    }
}

TASK [validate : Publish validation health contribution] ***********************
ok: [dns1012]

TASK [health : Initialize Health Engine] ***************************************
ok: [dns1012]

TASK [health : Aggregate health contributors] **********************************
ok: [dns1012] => (item=updates)
ok: [dns1012] => (item=validation)

TASK [health : Calculate health percentage] ************************************
ok: [dns1012]

TASK [health : Set overall health status] **************************************
ok: [dns1012]

TASK [health : Store Health Report] ********************************************
ok: [dns1012]

TASK [health : Display Health Engine] ******************************************
ok: [dns1012] => {
    "homelab_health": {
        "categories": {
            "updates": {
                "earned": 20,
                "issues": [],
                "possible": 20,
                "status": "PASS"
            },
            "validation": {
                "earned": 20,
                "issues": [],
                "possible": 20,
                "status": "PASS"
            }
        },
        "issues": [],
        "overall": {
            "earned": 40,
            "possible": 40,
            "score": 100,
            "status": "HEALTHY"
        }
    }
}

TASK [report : Show report paths] **********************************************
ok: [dns1012 -> localhost] => {
    "msg": [
        "Report Root: /root/Homelab-Automation/playbooks/../reports/current",
        "History: /root/Homelab-Automation/playbooks/../reports/history",
        "Report File: /root/Homelab-Automation/playbooks/../reports/current/dns1012.md"
    ]
}

TASK [report : Ensure report directories exist] ********************************
ok: [dns1012 -> localhost] => (item=/root/Homelab-Automation/playbooks/../reports/current)
ok: [dns1012 -> localhost] => (item=/root/Homelab-Automation/playbooks/../reports/history)
ok: [dns1012 -> localhost] => (item=/root/Homelab-Automation/playbooks/../reports/json)

TASK [report : Generate Markdown report] ***************************************
changed: [dns1012 -> localhost]

TASK [report : Generate JSON report] *******************************************
ok: [dns1012 -> localhost]

TASK [report : Show template result] *******************************************
ok: [dns1012 -> localhost] => {
    "report_template": {
        "changed": true,
        "checksum": "4e93c5c7a1e23ce2378182c597df5844d6f51bd6",
        "dest": "/root/Homelab-Automation/playbooks/../reports/current/dns1012.md",
        "diff": [],
        "failed": false,
        "gid": 0,
        "group": "root",
        "md5sum": "1e14555ede2a5a403e380a293c477ac3",
        "mode": "0644",
        "owner": "root",
        "size": 848,
        "src": "/root/.ansible/tmp/ansible-tmp-1784941613.553755-75372-7069939491893/.source.md",
        "state": "file",
        "uid": 0
    }
}

TASK [report : Archive report] *************************************************
changed: [dns1012 -> localhost]

TASK [report : Show archive result] ********************************************
ok: [dns1012 -> localhost] => {
    "report_archive": {
        "changed": true,
        "checksum": "4e93c5c7a1e23ce2378182c597df5844d6f51bd6",
        "dest": "/root/Homelab-Automation/playbooks/../reports/history/dns1012-2026-07-24-210646.md",
        "failed": false,
        "gid": 0,
        "group": "root",
        "md5sum": "1e14555ede2a5a403e380a293c477ac3",
        "mode": "0644",
        "owner": "root",
        "size": 848,
        "src": "/root/Homelab-Automation/playbooks/../reports/current/dns1012.md",
        "state": "file",
        "uid": 0
    }
}

PLAY [Homelab Maintenance Framework] *******************************************

TASK [Gathering Facts] *********************************************************
ok: [dns1013]

TASK [Display host] ************************************************************
ok: [dns1013] => {
    "msg": "========== dns1013 =========="
}

TASK [common : Initialize report data] *****************************************
ok: [dns1013]

TASK [common : Show report structure] ******************************************
ok: [dns1013] => {
    "homelab_report": {
        "host": {
            "hostname": "dns1013",
            "ip": "10.10.37.13",
            "kernel": "7.0.14-4-pve",
            "os": "Debian 13.6"
        },
        "platform": {},
        "precheck": {},
        "reboot": {},
        "updates": {},
        "validation": {}
    }
}

TASK [discovery : Detect Technitium] *******************************************
ok: [dns1013]

TASK [discovery : Detect Unbound] **********************************************
ok: [dns1013]

TASK [discovery : Detect PBS] **************************************************
ok: [dns1013]

TASK [discovery : Detect Pi-hole] **********************************************
ok: [dns1013]

TASK [precheck : Verify DNS] ***************************************************
ok: [dns1013]

TASK [precheck : Record DNS result] ********************************************
ok: [dns1013]

TASK [precheck : Verify Internet] **********************************************
ok: [dns1013]

TASK [precheck : Record Internet result] ***************************************
ok: [dns1013]

TASK [precheck : Verify Disk Space] ********************************************
ok: [dns1013]

TASK [precheck : Record Disk result] *******************************************
ok: [dns1013]

TASK [precheck : Display Precheck Report] **************************************
ok: [dns1013] => {
    "homelab_report.precheck": {
        "disk": {
            "filesystem": [
                "Filesystem                        Size  Used Avail Use% Mounted on",
                "/dev/mapper/pve-vm--313--disk--0  7.8G  2.0G  5.5G  27% /"
            ],
            "status": "PASS"
        },
        "dns": {
            "lookup": "deb.debian.org",
            "result": "2a04:4e42:72::644 debian.map.fastlydns.net deb.debian.org",
            "status": "PASS"
        },
        "internet": {
            "status": "PASS",
            "target": "8.8.8.8"
        }
    }
}

TASK [update : Record update start time] ***************************************
ok: [dns1013]

TASK [update : Update package cache] *******************************************
ok: [dns1013]

TASK [update : Upgrade packages] ***********************************************
ok: [dns1013]

TASK [update : Check if reboot is required] ************************************
ok: [dns1013]

TASK [update : Record update end time] *****************************************
ok: [dns1013]

TASK [update : Store update results] *******************************************
ok: [dns1013]

TASK [update : Display Update Report] ******************************************
ok: [dns1013] => {
    "homelab_report.updates": {
        "duration_seconds": 0,
        "packages_changed": false,
        "reboot_required": false
    }
}

TASK [update : Publish update health contribution] *****************************
ok: [dns1013]

TASK [reboot : Check if reboot required] ***************************************
ok: [dns1013]

TASK [reboot : Reboot host] ****************************************************
skipping: [dns1013]

TASK [reboot : Wait for SSH] ***************************************************
skipping: [dns1013]

TASK [reboot : Wait for systemd to finish booting] *****************************
skipping: [dns1013]

TASK [reboot : Refresh Ansible facts] ******************************************
skipping: [dns1013]

TASK [reboot : Store reboot results] *******************************************
ok: [dns1013]

TASK [reboot : Display Reboot Report] ******************************************
ok: [dns1013] => {
    "homelab_report.reboot": {
        "performed": false,
        "required": false,
        "successful": true,
        "system_state": "not_rebooted"
    }
}

TASK [validate : Verify DNS] ***************************************************
ok: [dns1013]

TASK [validate : Gather service facts] *****************************************
ok: [dns1013]

TASK [validate : Initialize validation results] ********************************
ok: [dns1013]

TASK [validate : Build validation results] *************************************
ok: [dns1013] => (item=technitium)

TASK [validate : Store validation report] **************************************
ok: [dns1013]

TASK [validate : Display Validation Report] ************************************
ok: [dns1013] => {
    "homelab_report.validation": {
        "dns": {
            "lookup": "deb.debian.org",
            "status": "PASS"
        },
        "services": {
            "technitium": {
                "running": true
            }
        }
    }
}

TASK [validate : Publish validation health contribution] ***********************
ok: [dns1013]

TASK [health : Initialize Health Engine] ***************************************
ok: [dns1013]

TASK [health : Aggregate health contributors] **********************************
ok: [dns1013] => (item=updates)
ok: [dns1013] => (item=validation)

TASK [health : Calculate health percentage] ************************************
ok: [dns1013]

TASK [health : Set overall health status] **************************************
ok: [dns1013]

TASK [health : Store Health Report] ********************************************
ok: [dns1013]

TASK [health : Display Health Engine] ******************************************
ok: [dns1013] => {
    "homelab_health": {
        "categories": {
            "updates": {
                "earned": 20,
                "issues": [],
                "possible": 20,
                "status": "PASS"
            },
            "validation": {
                "earned": 20,
                "issues": [],
                "possible": 20,
                "status": "PASS"
            }
        },
        "issues": [],
        "overall": {
            "earned": 40,
            "possible": 40,
            "score": 100,
            "status": "HEALTHY"
        }
    }
}

TASK [report : Show report paths] **********************************************
ok: [dns1013 -> localhost] => {
    "msg": [
        "Report Root: /root/Homelab-Automation/playbooks/../reports/current",
        "History: /root/Homelab-Automation/playbooks/../reports/history",
        "Report File: /root/Homelab-Automation/playbooks/../reports/current/dns1013.md"
    ]
}

TASK [report : Ensure report directories exist] ********************************
ok: [dns1013 -> localhost] => (item=/root/Homelab-Automation/playbooks/../reports/current)
ok: [dns1013 -> localhost] => (item=/root/Homelab-Automation/playbooks/../reports/history)
ok: [dns1013 -> localhost] => (item=/root/Homelab-Automation/playbooks/../reports/json)

TASK [report : Generate Markdown report] ***************************************
changed: [dns1013 -> localhost]

TASK [report : Generate JSON report] *******************************************
ok: [dns1013 -> localhost]

TASK [report : Show template result] *******************************************
ok: [dns1013 -> localhost] => {
    "report_template": {
        "changed": true,
        "checksum": "04970da9168757c1f7bb2b004d6377d0f4d1adc5",
        "dest": "/root/Homelab-Automation/playbooks/../reports/current/dns1013.md",
        "diff": [],
        "failed": false,
        "gid": 0,
        "group": "root",
        "md5sum": "9273cf573556bafd26ed9ae9eb2cdb6d",
        "mode": "0644",
        "owner": "root",
        "size": 848,
        "src": "/root/.ansible/tmp/ansible-tmp-1784941625.5387242-75804-245808393612852/.source.md",
        "state": "file",
        "uid": 0
    }
}

TASK [report : Archive report] *************************************************
changed: [dns1013 -> localhost]

TASK [report : Show archive result] ********************************************
ok: [dns1013 -> localhost] => {
    "report_archive": {
        "changed": true,
        "checksum": "04970da9168757c1f7bb2b004d6377d0f4d1adc5",
        "dest": "/root/Homelab-Automation/playbooks/../reports/history/dns1013-2026-07-24-210655.md",
        "failed": false,
        "gid": 0,
        "group": "root",
        "md5sum": "9273cf573556bafd26ed9ae9eb2cdb6d",
        "mode": "0644",
        "owner": "root",
        "size": 848,
        "src": "/root/Homelab-Automation/playbooks/../reports/current/dns1013.md",
        "state": "file",
        "uid": 0
    }
}

PLAY [Homelab Maintenance Framework] *******************************************

TASK [Gathering Facts] *********************************************************
ok: [dns3748]

TASK [Display host] ************************************************************
ok: [dns3748] => {
    "msg": "========== dns3748 =========="
}

TASK [common : Initialize report data] *****************************************
ok: [dns3748]

TASK [common : Show report structure] ******************************************
ok: [dns3748] => {
    "homelab_report": {
        "host": {
            "hostname": "dns3748",
            "ip": "192.168.37.48",
            "kernel": "7.0.14-5-pve",
            "os": "Debian 13.6"
        },
        "platform": {},
        "precheck": {},
        "reboot": {},
        "updates": {},
        "validation": {}
    }
}

TASK [discovery : Detect Technitium] *******************************************
ok: [dns3748]

TASK [discovery : Detect Unbound] **********************************************
ok: [dns3748]

TASK [discovery : Detect PBS] **************************************************
ok: [dns3748]

TASK [discovery : Detect Pi-hole] **********************************************
ok: [dns3748]

TASK [precheck : Verify DNS] ***************************************************
ok: [dns3748]

TASK [precheck : Record DNS result] ********************************************
ok: [dns3748]

TASK [precheck : Verify Internet] **********************************************
ok: [dns3748]

TASK [precheck : Record Internet result] ***************************************
ok: [dns3748]

TASK [precheck : Verify Disk Space] ********************************************
ok: [dns3748]

TASK [precheck : Record Disk result] *******************************************
ok: [dns3748]

TASK [precheck : Display Precheck Report] **************************************
ok: [dns3748] => {
    "homelab_report.precheck": {
        "disk": {
            "filesystem": [
                "Filesystem                        Size  Used Avail Use% Mounted on",
                "/dev/mapper/pve-vm--600--disk--0  7.8G  1.6G  5.9G  21% /"
            ],
            "status": "PASS"
        },
        "dns": {
            "lookup": "deb.debian.org",
            "result": "2a04:4e42:72::644 debian.map.fastlydns.net deb.debian.org",
            "status": "PASS"
        },
        "internet": {
            "status": "PASS",
            "target": "8.8.8.8"
        }
    }
}

TASK [update : Record update start time] ***************************************
ok: [dns3748]

TASK [update : Update package cache] *******************************************
ok: [dns3748]

TASK [update : Upgrade packages] ***********************************************
ok: [dns3748]

TASK [update : Check if reboot is required] ************************************
ok: [dns3748]

TASK [update : Record update end time] *****************************************
ok: [dns3748]

TASK [update : Store update results] *******************************************
ok: [dns3748]

TASK [update : Display Update Report] ******************************************
ok: [dns3748] => {
    "homelab_report.updates": {
        "duration_seconds": 0,
        "packages_changed": false,
        "reboot_required": false
    }
}

TASK [update : Publish update health contribution] *****************************
ok: [dns3748]

TASK [reboot : Check if reboot required] ***************************************
ok: [dns3748]

TASK [reboot : Reboot host] ****************************************************
skipping: [dns3748]

TASK [reboot : Wait for SSH] ***************************************************
skipping: [dns3748]

TASK [reboot : Wait for systemd to finish booting] *****************************
skipping: [dns3748]

TASK [reboot : Refresh Ansible facts] ******************************************
skipping: [dns3748]

TASK [reboot : Store reboot results] *******************************************
ok: [dns3748]

TASK [reboot : Display Reboot Report] ******************************************
ok: [dns3748] => {
    "homelab_report.reboot": {
        "performed": false,
        "required": false,
        "successful": true,
        "system_state": "not_rebooted"
    }
}

TASK [validate : Verify DNS] ***************************************************
ok: [dns3748]

TASK [validate : Gather service facts] *****************************************
ok: [dns3748]

TASK [validate : Initialize validation results] ********************************
ok: [dns3748]

TASK [validate : Build validation results] *************************************
ok: [dns3748] => (item=technitium)

TASK [validate : Store validation report] **************************************
ok: [dns3748]

TASK [validate : Display Validation Report] ************************************
ok: [dns3748] => {
    "homelab_report.validation": {
        "dns": {
            "lookup": "deb.debian.org",
            "status": "PASS"
        },
        "services": {
            "technitium": {
                "running": true
            }
        }
    }
}

TASK [validate : Publish validation health contribution] ***********************
ok: [dns3748]

TASK [health : Initialize Health Engine] ***************************************
ok: [dns3748]

TASK [health : Aggregate health contributors] **********************************
ok: [dns3748] => (item=updates)
ok: [dns3748] => (item=validation)

TASK [health : Calculate health percentage] ************************************
ok: [dns3748]

TASK [health : Set overall health status] **************************************
ok: [dns3748]

TASK [health : Store Health Report] ********************************************
ok: [dns3748]

TASK [health : Display Health Engine] ******************************************
ok: [dns3748] => {
    "homelab_health": {
        "categories": {
            "updates": {
                "earned": 20,
                "issues": [],
                "possible": 20,
                "status": "PASS"
            },
            "validation": {
                "earned": 20,
                "issues": [],
                "possible": 20,
                "status": "PASS"
            }
        },
        "issues": [],
        "overall": {
            "earned": 40,
            "possible": 40,
            "score": 100,
            "status": "HEALTHY"
        }
    }
}

TASK [report : Show report paths] **********************************************
ok: [dns3748 -> localhost] => {
    "msg": [
        "Report Root: /root/Homelab-Automation/playbooks/../reports/current",
        "History: /root/Homelab-Automation/playbooks/../reports/history",
        "Report File: /root/Homelab-Automation/playbooks/../reports/current/dns3748.md"
    ]
}

TASK [report : Ensure report directories exist] ********************************
ok: [dns3748 -> localhost] => (item=/root/Homelab-Automation/playbooks/../reports/current)
ok: [dns3748 -> localhost] => (item=/root/Homelab-Automation/playbooks/../reports/history)
ok: [dns3748 -> localhost] => (item=/root/Homelab-Automation/playbooks/../reports/json)

TASK [report : Generate Markdown report] ***************************************
changed: [dns3748 -> localhost]

TASK [report : Generate JSON report] *******************************************
ok: [dns3748 -> localhost]

TASK [report : Show template result] *******************************************
ok: [dns3748 -> localhost] => {
    "report_template": {
        "changed": true,
        "checksum": "b3a80961b6e5fcbbce72d0f055a1aced040cdb3a",
        "dest": "/root/Homelab-Automation/playbooks/../reports/current/dns3748.md",
        "diff": [],
        "failed": false,
        "gid": 0,
        "group": "root",
        "md5sum": "a0391cf41f5ce7651b0163274d191077",
        "mode": "0644",
        "owner": "root",
        "size": 850,
        "src": "/root/.ansible/tmp/ansible-tmp-1784941636.9356296-76233-26092675498912/.source.md",
        "state": "file",
        "uid": 0
    }
}

TASK [report : Archive report] *************************************************
changed: [dns3748 -> localhost]

TASK [report : Show archive result] ********************************************
ok: [dns3748 -> localhost] => {
    "report_archive": {
        "changed": true,
        "checksum": "b3a80961b6e5fcbbce72d0f055a1aced040cdb3a",
        "dest": "/root/Homelab-Automation/playbooks/../reports/history/dns3748-2026-07-24-210707.md",
        "failed": false,
        "gid": 0,
        "group": "root",
        "md5sum": "a0391cf41f5ce7651b0163274d191077",
        "mode": "0644",
        "owner": "root",
        "size": 850,
        "src": "/root/Homelab-Automation/playbooks/../reports/current/dns3748.md",
        "state": "file",
        "uid": 0
    }
}

PLAY [Homelab Maintenance Framework] *******************************************

TASK [Gathering Facts] *********************************************************
ok: [dns3749]

TASK [Display host] ************************************************************
ok: [dns3749] => {
    "msg": "========== dns3749 =========="
}

TASK [common : Initialize report data] *****************************************
ok: [dns3749]

TASK [common : Show report structure] ******************************************
ok: [dns3749] => {
    "homelab_report": {
        "host": {
            "hostname": "dns3749",
            "ip": "192.168.37.49",
            "kernel": "7.0.14-5-pve",
            "os": "Debian 13.6"
        },
        "platform": {},
        "precheck": {},
        "reboot": {},
        "updates": {},
        "validation": {}
    }
}

TASK [discovery : Detect Technitium] *******************************************
ok: [dns3749]

TASK [discovery : Detect Unbound] **********************************************
ok: [dns3749]

TASK [discovery : Detect PBS] **************************************************
ok: [dns3749]

TASK [discovery : Detect Pi-hole] **********************************************
ok: [dns3749]

TASK [precheck : Verify DNS] ***************************************************
ok: [dns3749]

TASK [precheck : Record DNS result] ********************************************
ok: [dns3749]

TASK [precheck : Verify Internet] **********************************************
ok: [dns3749]

TASK [precheck : Record Internet result] ***************************************
ok: [dns3749]

TASK [precheck : Verify Disk Space] ********************************************
ok: [dns3749]

TASK [precheck : Record Disk result] *******************************************
ok: [dns3749]

TASK [precheck : Display Precheck Report] **************************************
ok: [dns3749] => {
    "homelab_report.precheck": {
        "disk": {
            "filesystem": [
                "Filesystem                        Size  Used Avail Use% Mounted on",
                "/dev/mapper/pve-vm--601--disk--0  7.8G  1.6G  5.9G  21% /"
            ],
            "status": "PASS"
        },
        "dns": {
            "lookup": "deb.debian.org",
            "result": "2a04:4e42:72::644 debian.map.fastlydns.net deb.debian.org",
            "status": "PASS"
        },
        "internet": {
            "status": "PASS",
            "target": "8.8.8.8"
        }
    }
}

TASK [update : Record update start time] ***************************************
ok: [dns3749]

TASK [update : Update package cache] *******************************************
ok: [dns3749]

TASK [update : Upgrade packages] ***********************************************
ok: [dns3749]

TASK [update : Check if reboot is required] ************************************
ok: [dns3749]

TASK [update : Record update end time] *****************************************
ok: [dns3749]

TASK [update : Store update results] *******************************************
ok: [dns3749]

TASK [update : Display Update Report] ******************************************
ok: [dns3749] => {
    "homelab_report.updates": {
        "duration_seconds": 0,
        "packages_changed": false,
        "reboot_required": false
    }
}

TASK [update : Publish update health contribution] *****************************
ok: [dns3749]

TASK [reboot : Check if reboot required] ***************************************
ok: [dns3749]

TASK [reboot : Reboot host] ****************************************************
skipping: [dns3749]

TASK [reboot : Wait for SSH] ***************************************************
skipping: [dns3749]

TASK [reboot : Wait for systemd to finish booting] *****************************
skipping: [dns3749]

TASK [reboot : Refresh Ansible facts] ******************************************
skipping: [dns3749]

TASK [reboot : Store reboot results] *******************************************
ok: [dns3749]

TASK [reboot : Display Reboot Report] ******************************************
ok: [dns3749] => {
    "homelab_report.reboot": {
        "performed": false,
        "required": false,
        "successful": true,
        "system_state": "not_rebooted"
    }
}

TASK [validate : Verify DNS] ***************************************************
ok: [dns3749]

TASK [validate : Gather service facts] *****************************************
ok: [dns3749]

TASK [validate : Initialize validation results] ********************************
ok: [dns3749]

TASK [validate : Build validation results] *************************************
ok: [dns3749] => (item=technitium)

TASK [validate : Store validation report] **************************************
ok: [dns3749]

TASK [validate : Display Validation Report] ************************************
ok: [dns3749] => {
    "homelab_report.validation": {
        "dns": {
            "lookup": "deb.debian.org",
            "status": "PASS"
        },
        "services": {
            "technitium": {
                "running": true
            }
        }
    }
}

TASK [validate : Publish validation health contribution] ***********************
ok: [dns3749]

TASK [health : Initialize Health Engine] ***************************************
ok: [dns3749]

TASK [health : Aggregate health contributors] **********************************
ok: [dns3749] => (item=updates)
ok: [dns3749] => (item=validation)

TASK [health : Calculate health percentage] ************************************
ok: [dns3749]

TASK [health : Set overall health status] **************************************
ok: [dns3749]

TASK [health : Store Health Report] ********************************************
ok: [dns3749]

TASK [health : Display Health Engine] ******************************************
ok: [dns3749] => {
    "homelab_health": {
        "categories": {
            "updates": {
                "earned": 20,
                "issues": [],
                "possible": 20,
                "status": "PASS"
            },
            "validation": {
                "earned": 20,
                "issues": [],
                "possible": 20,
                "status": "PASS"
            }
        },
        "issues": [],
        "overall": {
            "earned": 40,
            "possible": 40,
            "score": 100,
            "status": "HEALTHY"
        }
    }
}

TASK [report : Show report paths] **********************************************
ok: [dns3749 -> localhost] => {
    "msg": [
        "Report Root: /root/Homelab-Automation/playbooks/../reports/current",
        "History: /root/Homelab-Automation/playbooks/../reports/history",
        "Report File: /root/Homelab-Automation/playbooks/../reports/current/dns3749.md"
    ]
}

TASK [report : Ensure report directories exist] ********************************
ok: [dns3749 -> localhost] => (item=/root/Homelab-Automation/playbooks/../reports/current)
ok: [dns3749 -> localhost] => (item=/root/Homelab-Automation/playbooks/../reports/history)
ok: [dns3749 -> localhost] => (item=/root/Homelab-Automation/playbooks/../reports/json)

TASK [report : Generate Markdown report] ***************************************
changed: [dns3749 -> localhost]

TASK [report : Generate JSON report] *******************************************
ok: [dns3749 -> localhost]

TASK [report : Show template result] *******************************************
ok: [dns3749 -> localhost] => {
    "report_template": {
        "changed": true,
        "checksum": "f1e86ae2a0c472664ad096ff59180b34807c9d99",
        "dest": "/root/Homelab-Automation/playbooks/../reports/current/dns3749.md",
        "diff": [],
        "failed": false,
        "gid": 0,
        "group": "root",
        "md5sum": "0b4a9f2d657251e6b17124237c1794fd",
        "mode": "0644",
        "owner": "root",
        "size": 850,
        "src": "/root/.ansible/tmp/ansible-tmp-1784941647.7802494-76661-244582436605019/.source.md",
        "state": "file",
        "uid": 0
    }
}

TASK [report : Archive report] *************************************************
changed: [dns3749 -> localhost]

TASK [report : Show archive result] ********************************************
ok: [dns3749 -> localhost] => {
    "report_archive": {
        "changed": true,
        "checksum": "f1e86ae2a0c472664ad096ff59180b34807c9d99",
        "dest": "/root/Homelab-Automation/playbooks/../reports/history/dns3749-2026-07-24-210718.md",
        "failed": false,
        "gid": 0,
        "group": "root",
        "md5sum": "0b4a9f2d657251e6b17124237c1794fd",
        "mode": "0644",
        "owner": "root",
        "size": 850,
        "src": "/root/Homelab-Automation/playbooks/../reports/current/dns3749.md",
        "state": "file",
        "uid": 0
    }
}

PLAY [Homelab Maintenance Framework] *******************************************

TASK [Gathering Facts] *********************************************************
ok: [pihole3710]

TASK [Display host] ************************************************************
ok: [pihole3710] => {
    "msg": "========== pihole3710 =========="
}

TASK [common : Initialize report data] *****************************************
ok: [pihole3710]

TASK [common : Show report structure] ******************************************
ok: [pihole3710] => {
    "homelab_report": {
        "host": {
            "hostname": "pihole3710",
            "ip": "192.168.37.10",
            "kernel": "7.0.14-5-pve",
            "os": "Debian 12.15"
        },
        "platform": {},
        "precheck": {},
        "reboot": {},
        "updates": {},
        "validation": {}
    }
}

TASK [discovery : Detect Technitium] *******************************************
ok: [pihole3710]

TASK [discovery : Detect Unbound] **********************************************
ok: [pihole3710]

TASK [discovery : Detect PBS] **************************************************
ok: [pihole3710]

TASK [discovery : Detect Pi-hole] **********************************************
ok: [pihole3710]

TASK [precheck : Verify DNS] ***************************************************
ok: [pihole3710]

TASK [precheck : Record DNS result] ********************************************
ok: [pihole3710]

TASK [precheck : Verify Internet] **********************************************
ok: [pihole3710]

TASK [precheck : Record Internet result] ***************************************
ok: [pihole3710]

TASK [precheck : Verify Disk Space] ********************************************
ok: [pihole3710]

TASK [precheck : Record Disk result] *******************************************
ok: [pihole3710]

TASK [precheck : Display Precheck Report] **************************************
ok: [pihole3710] => {
    "homelab_report.precheck": {
        "disk": {
            "filesystem": [
                "Filesystem                        Size  Used Avail Use% Mounted on",
                "/dev/mapper/pve-vm--114--disk--0  3.9G 1019M  2.7G  28% /"
            ],
            "status": "PASS"
        },
        "dns": {
            "lookup": "deb.debian.org",
            "result": "2a04:4e42::644  debian.map.fastlydns.net deb.debian.org\n2a04:4e42:200::644 debian.map.fastlydns.net deb.debian.org\n2a04:4e42:400::644 debian.map.fastlydns.net deb.debian.org\n2a04:4e42:600::644 debian.map.fastlydns.net deb.debian.org",
            "status": "PASS"
        },
        "internet": {
            "status": "PASS",
            "target": "8.8.8.8"
        }
    }
}

TASK [update : Record update start time] ***************************************
ok: [pihole3710]

TASK [update : Update package cache] *******************************************
ok: [pihole3710]

TASK [update : Upgrade packages] ***********************************************
ok: [pihole3710]

TASK [update : Check if reboot is required] ************************************
ok: [pihole3710]

TASK [update : Record update end time] *****************************************
ok: [pihole3710]

TASK [update : Store update results] *******************************************
ok: [pihole3710]

TASK [update : Display Update Report] ******************************************
ok: [pihole3710] => {
    "homelab_report.updates": {
        "duration_seconds": 0,
        "packages_changed": false,
        "reboot_required": false
    }
}

TASK [update : Publish update health contribution] *****************************
ok: [pihole3710]

TASK [reboot : Check if reboot required] ***************************************
ok: [pihole3710]

TASK [reboot : Reboot host] ****************************************************
skipping: [pihole3710]

TASK [reboot : Wait for SSH] ***************************************************
skipping: [pihole3710]

TASK [reboot : Wait for systemd to finish booting] *****************************
skipping: [pihole3710]

TASK [reboot : Refresh Ansible facts] ******************************************
skipping: [pihole3710]

TASK [reboot : Store reboot results] *******************************************
ok: [pihole3710]

TASK [reboot : Display Reboot Report] ******************************************
ok: [pihole3710] => {
    "homelab_report.reboot": {
        "performed": false,
        "required": false,
        "successful": true,
        "system_state": "not_rebooted"
    }
}

TASK [validate : Verify DNS] ***************************************************
ok: [pihole3710]

TASK [validate : Gather service facts] *****************************************
ok: [pihole3710]

TASK [validate : Initialize validation results] ********************************
ok: [pihole3710]

TASK [validate : Build validation results] *************************************
ok: [pihole3710] => (item=pihole-FTL)

TASK [validate : Store validation report] **************************************
ok: [pihole3710]

TASK [validate : Display Validation Report] ************************************
ok: [pihole3710] => {
    "homelab_report.validation": {
        "dns": {
            "lookup": "deb.debian.org",
            "status": "PASS"
        },
        "services": {
            "pihole-FTL": {
                "running": true
            }
        }
    }
}

TASK [validate : Publish validation health contribution] ***********************
ok: [pihole3710]

TASK [health : Initialize Health Engine] ***************************************
ok: [pihole3710]

TASK [health : Aggregate health contributors] **********************************
ok: [pihole3710] => (item=updates)
ok: [pihole3710] => (item=validation)

TASK [health : Calculate health percentage] ************************************
ok: [pihole3710]

TASK [health : Set overall health status] **************************************
ok: [pihole3710]

TASK [health : Store Health Report] ********************************************
ok: [pihole3710]

TASK [health : Display Health Engine] ******************************************
ok: [pihole3710] => {
    "homelab_health": {
        "categories": {
            "updates": {
                "earned": 20,
                "issues": [],
                "possible": 20,
                "status": "PASS"
            },
            "validation": {
                "earned": 20,
                "issues": [],
                "possible": 20,
                "status": "PASS"
            }
        },
        "issues": [],
        "overall": {
            "earned": 40,
            "possible": 40,
            "score": 100,
            "status": "HEALTHY"
        }
    }
}

TASK [report : Show report paths] **********************************************
ok: [pihole3710 -> localhost] => {
    "msg": [
        "Report Root: /root/Homelab-Automation/playbooks/../reports/current",
        "History: /root/Homelab-Automation/playbooks/../reports/history",
        "Report File: /root/Homelab-Automation/playbooks/../reports/current/pihole3710.md"
    ]
}

TASK [report : Ensure report directories exist] ********************************
ok: [pihole3710 -> localhost] => (item=/root/Homelab-Automation/playbooks/../reports/current)
ok: [pihole3710 -> localhost] => (item=/root/Homelab-Automation/playbooks/../reports/history)
ok: [pihole3710 -> localhost] => (item=/root/Homelab-Automation/playbooks/../reports/json)

TASK [report : Generate Markdown report] ***************************************
changed: [pihole3710 -> localhost]

TASK [report : Generate JSON report] *******************************************
changed: [pihole3710 -> localhost]

TASK [report : Show template result] *******************************************
ok: [pihole3710 -> localhost] => {
    "report_template": {
        "changed": true,
        "checksum": "a52c701a106f4b7161f63a2256e3afa25bd897b1",
        "dest": "/root/Homelab-Automation/playbooks/../reports/current/pihole3710.md",
        "diff": [],
        "failed": false,
        "gid": 0,
        "group": "root",
        "md5sum": "54be1e31a7d9fa5d45cc14a602edd6ef",
        "mode": "0644",
        "owner": "root",
        "size": 854,
        "src": "/root/.ansible/tmp/ansible-tmp-1784941657.80231-77089-187782237646874/.source.md",
        "state": "file",
        "uid": 0
    }
}

TASK [report : Archive report] *************************************************
changed: [pihole3710 -> localhost]

TASK [report : Show archive result] ********************************************
ok: [pihole3710 -> localhost] => {
    "report_archive": {
        "changed": true,
        "checksum": "a52c701a106f4b7161f63a2256e3afa25bd897b1",
        "dest": "/root/Homelab-Automation/playbooks/../reports/history/pihole3710-2026-07-24-210729.md",
        "failed": false,
        "gid": 0,
        "group": "root",
        "md5sum": "54be1e31a7d9fa5d45cc14a602edd6ef",
        "mode": "0644",
        "owner": "root",
        "size": 854,
        "src": "/root/Homelab-Automation/playbooks/../reports/current/pihole3710.md",
        "state": "file",
        "uid": 0
    }
}

PLAY [Homelab Maintenance Framework] *******************************************

TASK [Gathering Facts] *********************************************************
ok: [pihole3712]

TASK [Display host] ************************************************************
ok: [pihole3712] => {
    "msg": "========== pihole3712 =========="
}

TASK [common : Initialize report data] *****************************************
ok: [pihole3712]

TASK [common : Show report structure] ******************************************
ok: [pihole3712] => {
    "homelab_report": {
        "host": {
            "hostname": "pihole3712",
            "ip": "192.168.37.12",
            "kernel": "6.6.30-v8+",
            "os": "Debian 11"
        },
        "platform": {},
        "precheck": {},
        "reboot": {},
        "updates": {},
        "validation": {}
    }
}

TASK [discovery : Detect Technitium] *******************************************
ok: [pihole3712]

TASK [discovery : Detect Unbound] **********************************************
ok: [pihole3712]

TASK [discovery : Detect PBS] **************************************************
ok: [pihole3712]

TASK [discovery : Detect Pi-hole] **********************************************
ok: [pihole3712]

TASK [precheck : Verify DNS] ***************************************************
ok: [pihole3712]

TASK [precheck : Record DNS result] ********************************************
ok: [pihole3712]

TASK [precheck : Verify Internet] **********************************************
ok: [pihole3712]

TASK [precheck : Record Internet result] ***************************************
ok: [pihole3712]

TASK [precheck : Verify Disk Space] ********************************************
ok: [pihole3712]

TASK [precheck : Record Disk result] *******************************************
ok: [pihole3712]

TASK [precheck : Display Precheck Report] **************************************
ok: [pihole3712] => {
    "homelab_report.precheck": {
        "disk": {
            "filesystem": [
                "Filesystem      Size  Used Avail Use% Mounted on",
                "/dev/root        30G  3.1G   25G  11% /"
            ],
            "status": "PASS"
        },
        "dns": {
            "lookup": "deb.debian.org",
            "result": "2a04:4e42:72::644 debian.map.fastlydns.net deb.debian.org",
            "status": "PASS"
        },
        "internet": {
            "status": "PASS",
            "target": "8.8.8.8"
        }
    }
}

TASK [update : Record update start time] ***************************************
ok: [pihole3712]

TASK [update : Update package cache] *******************************************
ok: [pihole3712]

TASK [update : Upgrade packages] ***********************************************
ok: [pihole3712]

TASK [update : Check if reboot is required] ************************************
ok: [pihole3712]

TASK [update : Record update end time] *****************************************
ok: [pihole3712]

TASK [update : Store update results] *******************************************
ok: [pihole3712]

TASK [update : Display Update Report] ******************************************
ok: [pihole3712] => {
    "homelab_report.updates": {
        "duration_seconds": 0,
        "packages_changed": false,
        "reboot_required": false
    }
}

TASK [update : Publish update health contribution] *****************************
ok: [pihole3712]

TASK [reboot : Check if reboot required] ***************************************
ok: [pihole3712]

TASK [reboot : Reboot host] ****************************************************
skipping: [pihole3712]

TASK [reboot : Wait for SSH] ***************************************************
skipping: [pihole3712]

TASK [reboot : Wait for systemd to finish booting] *****************************
skipping: [pihole3712]

TASK [reboot : Refresh Ansible facts] ******************************************
skipping: [pihole3712]

TASK [reboot : Store reboot results] *******************************************
ok: [pihole3712]

TASK [reboot : Display Reboot Report] ******************************************
ok: [pihole3712] => {
    "homelab_report.reboot": {
        "performed": false,
        "required": false,
        "successful": true,
        "system_state": "not_rebooted"
    }
}

TASK [validate : Verify DNS] ***************************************************
ok: [pihole3712]

TASK [validate : Gather service facts] *****************************************
ok: [pihole3712]

TASK [validate : Initialize validation results] ********************************
ok: [pihole3712]

TASK [validate : Build validation results] *************************************
ok: [pihole3712] => (item=pihole-FTL)

TASK [validate : Store validation report] **************************************
ok: [pihole3712]

TASK [validate : Display Validation Report] ************************************
ok: [pihole3712] => {
    "homelab_report.validation": {
        "dns": {
            "lookup": "deb.debian.org",
            "status": "PASS"
        },
        "services": {
            "pihole-FTL": {
                "running": true
            }
        }
    }
}

TASK [validate : Publish validation health contribution] ***********************
ok: [pihole3712]

TASK [health : Initialize Health Engine] ***************************************
ok: [pihole3712]

TASK [health : Aggregate health contributors] **********************************
ok: [pihole3712] => (item=updates)
ok: [pihole3712] => (item=validation)

TASK [health : Calculate health percentage] ************************************
ok: [pihole3712]

TASK [health : Set overall health status] **************************************
ok: [pihole3712]

TASK [health : Store Health Report] ********************************************
ok: [pihole3712]

TASK [health : Display Health Engine] ******************************************
ok: [pihole3712] => {
    "homelab_health": {
        "categories": {
            "updates": {
                "earned": 20,
                "issues": [],
                "possible": 20,
                "status": "PASS"
            },
            "validation": {
                "earned": 20,
                "issues": [],
                "possible": 20,
                "status": "PASS"
            }
        },
        "issues": [],
        "overall": {
            "earned": 40,
            "possible": 40,
            "score": 100,
            "status": "HEALTHY"
        }
    }
}

TASK [report : Show report paths] **********************************************
ok: [pihole3712 -> localhost] => {
    "msg": [
        "Report Root: /root/Homelab-Automation/playbooks/../reports/current",
        "History: /root/Homelab-Automation/playbooks/../reports/history",
        "Report File: /root/Homelab-Automation/playbooks/../reports/current/pihole3712.md"
    ]
}

TASK [report : Ensure report directories exist] ********************************
ok: [pihole3712 -> localhost] => (item=/root/Homelab-Automation/playbooks/../reports/current)
ok: [pihole3712 -> localhost] => (item=/root/Homelab-Automation/playbooks/../reports/history)
ok: [pihole3712 -> localhost] => (item=/root/Homelab-Automation/playbooks/../reports/json)

TASK [report : Generate Markdown report] ***************************************
changed: [pihole3712 -> localhost]

TASK [report : Generate JSON report] *******************************************
ok: [pihole3712 -> localhost]

TASK [report : Show template result] *******************************************
ok: [pihole3712 -> localhost] => {
    "report_template": {
        "changed": true,
        "checksum": "dbc07f9cf007602f6085e1f8a22b7bd0d60b07d8",
        "dest": "/root/Homelab-Automation/playbooks/../reports/current/pihole3712.md",
        "diff": [],
        "failed": false,
        "gid": 0,
        "group": "root",
        "md5sum": "e1bb888e2b4559f6efc7f80c720feea5",
        "mode": "0644",
        "owner": "root",
        "size": 849,
        "src": "/root/.ansible/tmp/ansible-tmp-1784941681.2505548-77521-133908355447907/.source.md",
        "state": "file",
        "uid": 0
    }
}

TASK [report : Archive report] *************************************************
changed: [pihole3712 -> localhost]

TASK [report : Show archive result] ********************************************
ok: [pihole3712 -> localhost] => {
    "report_archive": {
        "changed": true,
        "checksum": "dbc07f9cf007602f6085e1f8a22b7bd0d60b07d8",
        "dest": "/root/Homelab-Automation/playbooks/../reports/history/pihole3712-2026-07-24-210740.md",
        "failed": false,
        "gid": 0,
        "group": "root",
        "md5sum": "e1bb888e2b4559f6efc7f80c720feea5",
        "mode": "0644",
        "owner": "root",
        "size": 849,
        "src": "/root/Homelab-Automation/playbooks/../reports/current/pihole3712.md",
        "state": "file",
        "uid": 0
    }
}

PLAY [Homelab Maintenance Framework] *******************************************

TASK [Gathering Facts] *********************************************************
ok: [pihole1010]

TASK [Display host] ************************************************************
ok: [pihole1010] => {
    "msg": "========== pihole1010 =========="
}

TASK [common : Initialize report data] *****************************************
ok: [pihole1010]

TASK [common : Show report structure] ******************************************
ok: [pihole1010] => {
    "homelab_report": {
        "host": {
            "hostname": "pihole1010",
            "ip": "192.168.10.10",
            "kernel": "7.0.14-5-pve",
            "os": "Debian 12.15"
        },
        "platform": {},
        "precheck": {},
        "reboot": {},
        "updates": {},
        "validation": {}
    }
}

TASK [discovery : Detect Technitium] *******************************************
ok: [pihole1010]

TASK [discovery : Detect Unbound] **********************************************
ok: [pihole1010]

TASK [discovery : Detect PBS] **************************************************
ok: [pihole1010]

TASK [discovery : Detect Pi-hole] **********************************************
ok: [pihole1010]

TASK [precheck : Verify DNS] ***************************************************
ok: [pihole1010]

TASK [precheck : Record DNS result] ********************************************
ok: [pihole1010]

TASK [precheck : Verify Internet] **********************************************
ok: [pihole1010]

TASK [precheck : Record Internet result] ***************************************
ok: [pihole1010]

TASK [precheck : Verify Disk Space] ********************************************
ok: [pihole1010]

TASK [precheck : Record Disk result] *******************************************
ok: [pihole1010]

TASK [precheck : Display Precheck Report] **************************************
ok: [pihole1010] => {
    "homelab_report.precheck": {
        "disk": {
            "filesystem": [
                "Filesystem                        Size  Used Avail Use% Mounted on",
                "/dev/mapper/pve-vm--602--disk--0  3.9G 1010M  2.7G  28% /"
            ],
            "status": "PASS"
        },
        "dns": {
            "lookup": "deb.debian.org",
            "result": "2a04:4e42:72::644 debian.map.fastlydns.net deb.debian.org",
            "status": "PASS"
        },
        "internet": {
            "status": "PASS",
            "target": "8.8.8.8"
        }
    }
}

TASK [update : Record update start time] ***************************************
ok: [pihole1010]

TASK [update : Update package cache] *******************************************
ok: [pihole1010]

TASK [update : Upgrade packages] ***********************************************
ok: [pihole1010]

TASK [update : Check if reboot is required] ************************************
ok: [pihole1010]

TASK [update : Record update end time] *****************************************
ok: [pihole1010]

TASK [update : Store update results] *******************************************
ok: [pihole1010]

TASK [update : Display Update Report] ******************************************
ok: [pihole1010] => {
    "homelab_report.updates": {
        "duration_seconds": 0,
        "packages_changed": false,
        "reboot_required": false
    }
}

TASK [update : Publish update health contribution] *****************************
ok: [pihole1010]

TASK [reboot : Check if reboot required] ***************************************
ok: [pihole1010]

TASK [reboot : Reboot host] ****************************************************
skipping: [pihole1010]

TASK [reboot : Wait for SSH] ***************************************************
skipping: [pihole1010]

TASK [reboot : Wait for systemd to finish booting] *****************************
skipping: [pihole1010]

TASK [reboot : Refresh Ansible facts] ******************************************
skipping: [pihole1010]

TASK [reboot : Store reboot results] *******************************************
ok: [pihole1010]

TASK [reboot : Display Reboot Report] ******************************************
ok: [pihole1010] => {
    "homelab_report.reboot": {
        "performed": false,
        "required": false,
        "successful": true,
        "system_state": "not_rebooted"
    }
}

TASK [validate : Verify DNS] ***************************************************
ok: [pihole1010]

TASK [validate : Gather service facts] *****************************************
ok: [pihole1010]

TASK [validate : Initialize validation results] ********************************
ok: [pihole1010]

TASK [validate : Build validation results] *************************************
ok: [pihole1010] => (item=pihole-FTL)

TASK [validate : Store validation report] **************************************
ok: [pihole1010]

TASK [validate : Display Validation Report] ************************************
ok: [pihole1010] => {
    "homelab_report.validation": {
        "dns": {
            "lookup": "deb.debian.org",
            "status": "PASS"
        },
        "services": {
            "pihole-FTL": {
                "running": true
            }
        }
    }
}

TASK [validate : Publish validation health contribution] ***********************
ok: [pihole1010]

TASK [health : Initialize Health Engine] ***************************************
ok: [pihole1010]

TASK [health : Aggregate health contributors] **********************************
ok: [pihole1010] => (item=updates)
ok: [pihole1010] => (item=validation)

TASK [health : Calculate health percentage] ************************************
ok: [pihole1010]

TASK [health : Set overall health status] **************************************
ok: [pihole1010]

TASK [health : Store Health Report] ********************************************
ok: [pihole1010]

TASK [health : Display Health Engine] ******************************************
ok: [pihole1010] => {
    "homelab_health": {
        "categories": {
            "updates": {
                "earned": 20,
                "issues": [],
                "possible": 20,
                "status": "PASS"
            },
            "validation": {
                "earned": 20,
                "issues": [],
                "possible": 20,
                "status": "PASS"
            }
        },
        "issues": [],
        "overall": {
            "earned": 40,
            "possible": 40,
            "score": 100,
            "status": "HEALTHY"
        }
    }
}

TASK [report : Show report paths] **********************************************
ok: [pihole1010 -> localhost] => {
    "msg": [
        "Report Root: /root/Homelab-Automation/playbooks/../reports/current",
        "History: /root/Homelab-Automation/playbooks/../reports/history",
        "Report File: /root/Homelab-Automation/playbooks/../reports/current/pihole1010.md"
    ]
}

TASK [report : Ensure report directories exist] ********************************
ok: [pihole1010 -> localhost] => (item=/root/Homelab-Automation/playbooks/../reports/current)
ok: [pihole1010 -> localhost] => (item=/root/Homelab-Automation/playbooks/../reports/history)
ok: [pihole1010 -> localhost] => (item=/root/Homelab-Automation/playbooks/../reports/json)

TASK [report : Generate Markdown report] ***************************************
changed: [pihole1010 -> localhost]

TASK [report : Generate JSON report] *******************************************
ok: [pihole1010 -> localhost]

TASK [report : Show template result] *******************************************
ok: [pihole1010 -> localhost] => {
    "report_template": {
        "changed": true,
        "checksum": "399a03f81aa6fbd10f089a43ccbe32d9e1af996a",
        "dest": "/root/Homelab-Automation/playbooks/../reports/current/pihole1010.md",
        "diff": [],
        "failed": false,
        "gid": 0,
        "group": "root",
        "md5sum": "f692882fe7cfc3e66de042aa1c8b594b",
        "mode": "0644",
        "owner": "root",
        "size": 854,
        "src": "/root/.ansible/tmp/ansible-tmp-1784941691.6168985-77949-262244389315277/.source.md",
        "state": "file",
        "uid": 0
    }
}

TASK [report : Archive report] *************************************************
changed: [pihole1010 -> localhost]

TASK [report : Show archive result] ********************************************
ok: [pihole1010 -> localhost] => {
    "report_archive": {
        "changed": true,
        "checksum": "399a03f81aa6fbd10f089a43ccbe32d9e1af996a",
        "dest": "/root/Homelab-Automation/playbooks/../reports/history/pihole1010-2026-07-24-210802.md",
        "failed": false,
        "gid": 0,
        "group": "root",
        "md5sum": "f692882fe7cfc3e66de042aa1c8b594b",
        "mode": "0644",
        "owner": "root",
        "size": 854,
        "src": "/root/Homelab-Automation/playbooks/../reports/current/pihole1010.md",
        "state": "file",
        "uid": 0
    }
}

PLAY [Homelab Maintenance Framework] *******************************************

TASK [Gathering Facts] *********************************************************
ok: [pihole1011]

TASK [Display host] ************************************************************
ok: [pihole1011] => {
    "msg": "========== pihole1011 =========="
}

TASK [common : Initialize report data] *****************************************
ok: [pihole1011]

TASK [common : Show report structure] ******************************************
ok: [pihole1011] => {
    "homelab_report": {
        "host": {
            "hostname": "pihole1011",
            "ip": "192.168.10.11",
            "kernel": "7.0.14-5-pve",
            "os": "Debian 12.15"
        },
        "platform": {},
        "precheck": {},
        "reboot": {},
        "updates": {},
        "validation": {}
    }
}

TASK [discovery : Detect Technitium] *******************************************
ok: [pihole1011]

TASK [discovery : Detect Unbound] **********************************************
ok: [pihole1011]

TASK [discovery : Detect PBS] **************************************************
ok: [pihole1011]

TASK [discovery : Detect Pi-hole] **********************************************
ok: [pihole1011]

TASK [precheck : Verify DNS] ***************************************************
ok: [pihole1011]

TASK [precheck : Record DNS result] ********************************************
ok: [pihole1011]

TASK [precheck : Verify Internet] **********************************************
ok: [pihole1011]

TASK [precheck : Record Internet result] ***************************************
ok: [pihole1011]

TASK [precheck : Verify Disk Space] ********************************************
ok: [pihole1011]

TASK [precheck : Record Disk result] *******************************************
ok: [pihole1011]

TASK [precheck : Display Precheck Report] **************************************
ok: [pihole1011] => {
    "homelab_report.precheck": {
        "disk": {
            "filesystem": [
                "Filesystem                        Size  Used Avail Use% Mounted on",
                "/dev/mapper/pve-vm--603--disk--0  3.9G  1.1G  2.6G  30% /"
            ],
            "status": "PASS"
        },
        "dns": {
            "lookup": "deb.debian.org",
            "result": "2a04:4e42:72::644 debian.map.fastlydns.net deb.debian.org",
            "status": "PASS"
        },
        "internet": {
            "status": "PASS",
            "target": "8.8.8.8"
        }
    }
}

TASK [update : Record update start time] ***************************************
ok: [pihole1011]

TASK [update : Update package cache] *******************************************
ok: [pihole1011]

TASK [update : Upgrade packages] ***********************************************
ok: [pihole1011]

TASK [update : Check if reboot is required] ************************************
ok: [pihole1011]

TASK [update : Record update end time] *****************************************
ok: [pihole1011]

TASK [update : Store update results] *******************************************
ok: [pihole1011]

TASK [update : Display Update Report] ******************************************
ok: [pihole1011] => {
    "homelab_report.updates": {
        "duration_seconds": 0,
        "packages_changed": false,
        "reboot_required": false
    }
}

TASK [update : Publish update health contribution] *****************************
ok: [pihole1011]

TASK [reboot : Check if reboot required] ***************************************
ok: [pihole1011]

TASK [reboot : Reboot host] ****************************************************
skipping: [pihole1011]

TASK [reboot : Wait for SSH] ***************************************************
skipping: [pihole1011]

TASK [reboot : Wait for systemd to finish booting] *****************************
skipping: [pihole1011]

TASK [reboot : Refresh Ansible facts] ******************************************
skipping: [pihole1011]

TASK [reboot : Store reboot results] *******************************************
ok: [pihole1011]

TASK [reboot : Display Reboot Report] ******************************************
ok: [pihole1011] => {
    "homelab_report.reboot": {
        "performed": false,
        "required": false,
        "successful": true,
        "system_state": "not_rebooted"
    }
}

TASK [validate : Verify DNS] ***************************************************
ok: [pihole1011]

TASK [validate : Gather service facts] *****************************************
ok: [pihole1011]

TASK [validate : Initialize validation results] ********************************
ok: [pihole1011]

TASK [validate : Build validation results] *************************************
ok: [pihole1011] => (item=pihole-FTL)

TASK [validate : Store validation report] **************************************
ok: [pihole1011]

TASK [validate : Display Validation Report] ************************************
ok: [pihole1011] => {
    "homelab_report.validation": {
        "dns": {
            "lookup": "deb.debian.org",
            "status": "PASS"
        },
        "services": {
            "pihole-FTL": {
                "running": true
            }
        }
    }
}

TASK [validate : Publish validation health contribution] ***********************
ok: [pihole1011]

TASK [health : Initialize Health Engine] ***************************************
ok: [pihole1011]

TASK [health : Aggregate health contributors] **********************************
ok: [pihole1011] => (item=updates)
ok: [pihole1011] => (item=validation)

TASK [health : Calculate health percentage] ************************************
ok: [pihole1011]

TASK [health : Set overall health status] **************************************
ok: [pihole1011]

TASK [health : Store Health Report] ********************************************
ok: [pihole1011]

TASK [health : Display Health Engine] ******************************************
ok: [pihole1011] => {
    "homelab_health": {
        "categories": {
            "updates": {
                "earned": 20,
                "issues": [],
                "possible": 20,
                "status": "PASS"
            },
            "validation": {
                "earned": 20,
                "issues": [],
                "possible": 20,
                "status": "PASS"
            }
        },
        "issues": [],
        "overall": {
            "earned": 40,
            "possible": 40,
            "score": 100,
            "status": "HEALTHY"
        }
    }
}

TASK [report : Show report paths] **********************************************
ok: [pihole1011 -> localhost] => {
    "msg": [
        "Report Root: /root/Homelab-Automation/playbooks/../reports/current",
        "History: /root/Homelab-Automation/playbooks/../reports/history",
        "Report File: /root/Homelab-Automation/playbooks/../reports/current/pihole1011.md"
    ]
}

TASK [report : Ensure report directories exist] ********************************
ok: [pihole1011 -> localhost] => (item=/root/Homelab-Automation/playbooks/../reports/current)
ok: [pihole1011 -> localhost] => (item=/root/Homelab-Automation/playbooks/../reports/history)
ok: [pihole1011 -> localhost] => (item=/root/Homelab-Automation/playbooks/../reports/json)

TASK [report : Generate Markdown report] ***************************************
changed: [pihole1011 -> localhost]

TASK [report : Generate JSON report] *******************************************
ok: [pihole1011 -> localhost]

TASK [report : Show template result] *******************************************
ok: [pihole1011 -> localhost] => {
    "report_template": {
        "changed": true,
        "checksum": "8ebf8182776e08e5cedae2d754887880d5acbe42",
        "dest": "/root/Homelab-Automation/playbooks/../reports/current/pihole1011.md",
        "diff": [],
        "failed": false,
        "gid": 0,
        "group": "root",
        "md5sum": "19741c5e732600bb349234399d420d35",
        "mode": "0644",
        "owner": "root",
        "size": 854,
        "src": "/root/.ansible/tmp/ansible-tmp-1784941701.6589391-78377-22330157689288/.source.md",
        "state": "file",
        "uid": 0
    }
}

TASK [report : Archive report] *************************************************
changed: [pihole1011 -> localhost]

TASK [report : Show archive result] ********************************************
ok: [pihole1011 -> localhost] => {
    "report_archive": {
        "changed": true,
        "checksum": "8ebf8182776e08e5cedae2d754887880d5acbe42",
        "dest": "/root/Homelab-Automation/playbooks/../reports/history/pihole1011-2026-07-24-210813.md",
        "failed": false,
        "gid": 0,
        "group": "root",
        "md5sum": "19741c5e732600bb349234399d420d35",
        "mode": "0644",
        "owner": "root",
        "size": 854,
        "src": "/root/Homelab-Automation/playbooks/../reports/current/pihole1011.md",
        "state": "file",
        "uid": 0
    }
}

PLAY [Homelab Maintenance Framework] *******************************************

TASK [Gathering Facts] *********************************************************
ok: [pihole1012]

TASK [Display host] ************************************************************
ok: [pihole1012] => {
    "msg": "========== pihole1012 =========="
}

TASK [common : Initialize report data] *****************************************
ok: [pihole1012]

TASK [common : Show report structure] ******************************************
ok: [pihole1012] => {
    "homelab_report": {
        "host": {
            "hostname": "pihole1012",
            "ip": "192.168.10.12",
            "kernel": "7.0.14-5-pve",
            "os": "Debian 12.15"
        },
        "platform": {},
        "precheck": {},
        "reboot": {},
        "updates": {},
        "validation": {}
    }
}

TASK [discovery : Detect Technitium] *******************************************
ok: [pihole1012]

TASK [discovery : Detect Unbound] **********************************************
ok: [pihole1012]

TASK [discovery : Detect PBS] **************************************************
ok: [pihole1012]

TASK [discovery : Detect Pi-hole] **********************************************
ok: [pihole1012]

TASK [precheck : Verify DNS] ***************************************************
ok: [pihole1012]

TASK [precheck : Record DNS result] ********************************************
ok: [pihole1012]

TASK [precheck : Verify Internet] **********************************************
ok: [pihole1012]

TASK [precheck : Record Internet result] ***************************************
ok: [pihole1012]

TASK [precheck : Verify Disk Space] ********************************************
ok: [pihole1012]

TASK [precheck : Record Disk result] *******************************************
ok: [pihole1012]

TASK [precheck : Display Precheck Report] **************************************
ok: [pihole1012] => {
    "homelab_report.precheck": {
        "disk": {
            "filesystem": [
                "Filesystem                        Size  Used Avail Use% Mounted on",
                "/dev/mapper/pve-vm--601--disk--0  3.9G  992M  2.7G  27% /"
            ],
            "status": "PASS"
        },
        "dns": {
            "lookup": "deb.debian.org",
            "result": "2a04:4e42:72::644 debian.map.fastlydns.net deb.debian.org",
            "status": "PASS"
        },
        "internet": {
            "status": "PASS",
            "target": "8.8.8.8"
        }
    }
}

TASK [update : Record update start time] ***************************************
ok: [pihole1012]

TASK [update : Update package cache] *******************************************
ok: [pihole1012]

TASK [update : Upgrade packages] ***********************************************
ok: [pihole1012]

TASK [update : Check if reboot is required] ************************************
ok: [pihole1012]

TASK [update : Record update end time] *****************************************
ok: [pihole1012]

TASK [update : Store update results] *******************************************
ok: [pihole1012]

TASK [update : Display Update Report] ******************************************
ok: [pihole1012] => {
    "homelab_report.updates": {
        "duration_seconds": 0,
        "packages_changed": false,
        "reboot_required": false
    }
}

TASK [update : Publish update health contribution] *****************************
ok: [pihole1012]

TASK [reboot : Check if reboot required] ***************************************
ok: [pihole1012]

TASK [reboot : Reboot host] ****************************************************
skipping: [pihole1012]

TASK [reboot : Wait for SSH] ***************************************************
skipping: [pihole1012]

TASK [reboot : Wait for systemd to finish booting] *****************************
skipping: [pihole1012]

TASK [reboot : Refresh Ansible facts] ******************************************
skipping: [pihole1012]

TASK [reboot : Store reboot results] *******************************************
ok: [pihole1012]

TASK [reboot : Display Reboot Report] ******************************************
ok: [pihole1012] => {
    "homelab_report.reboot": {
        "performed": false,
        "required": false,
        "successful": true,
        "system_state": "not_rebooted"
    }
}

TASK [validate : Verify DNS] ***************************************************
ok: [pihole1012]

TASK [validate : Gather service facts] *****************************************
ok: [pihole1012]

TASK [validate : Initialize validation results] ********************************
ok: [pihole1012]

TASK [validate : Build validation results] *************************************
ok: [pihole1012] => (item=pihole-FTL)

TASK [validate : Store validation report] **************************************
ok: [pihole1012]

TASK [validate : Display Validation Report] ************************************
ok: [pihole1012] => {
    "homelab_report.validation": {
        "dns": {
            "lookup": "deb.debian.org",
            "status": "PASS"
        },
        "services": {
            "pihole-FTL": {
                "running": true
            }
        }
    }
}

TASK [validate : Publish validation health contribution] ***********************
ok: [pihole1012]

TASK [health : Initialize Health Engine] ***************************************
ok: [pihole1012]

TASK [health : Aggregate health contributors] **********************************
ok: [pihole1012] => (item=updates)
ok: [pihole1012] => (item=validation)

TASK [health : Calculate health percentage] ************************************
ok: [pihole1012]

TASK [health : Set overall health status] **************************************
ok: [pihole1012]

TASK [health : Store Health Report] ********************************************
ok: [pihole1012]

TASK [health : Display Health Engine] ******************************************
ok: [pihole1012] => {
    "homelab_health": {
        "categories": {
            "updates": {
                "earned": 20,
                "issues": [],
                "possible": 20,
                "status": "PASS"
            },
            "validation": {
                "earned": 20,
                "issues": [],
                "possible": 20,
                "status": "PASS"
            }
        },
        "issues": [],
        "overall": {
            "earned": 40,
            "possible": 40,
            "score": 100,
            "status": "HEALTHY"
        }
    }
}

TASK [report : Show report paths] **********************************************
ok: [pihole1012 -> localhost] => {
    "msg": [
        "Report Root: /root/Homelab-Automation/playbooks/../reports/current",
        "History: /root/Homelab-Automation/playbooks/../reports/history",
        "Report File: /root/Homelab-Automation/playbooks/../reports/current/pihole1012.md"
    ]
}

TASK [report : Ensure report directories exist] ********************************
ok: [pihole1012 -> localhost] => (item=/root/Homelab-Automation/playbooks/../reports/current)
ok: [pihole1012 -> localhost] => (item=/root/Homelab-Automation/playbooks/../reports/history)
ok: [pihole1012 -> localhost] => (item=/root/Homelab-Automation/playbooks/../reports/json)

TASK [report : Generate Markdown report] ***************************************
changed: [pihole1012 -> localhost]

TASK [report : Generate JSON report] *******************************************
ok: [pihole1012 -> localhost]

TASK [report : Show template result] *******************************************
ok: [pihole1012 -> localhost] => {
    "report_template": {
        "changed": true,
        "checksum": "0df7dc6ca312d7a9a5dbd0362f0c535dae9cd145",
        "dest": "/root/Homelab-Automation/playbooks/../reports/current/pihole1012.md",
        "diff": [],
        "failed": false,
        "gid": 0,
        "group": "root",
        "md5sum": "fa6f8aa7303823c47ab2d823bf37c137",
        "mode": "0644",
        "owner": "root",
        "size": 854,
        "src": "/root/.ansible/tmp/ansible-tmp-1784941711.8565302-78805-164129872519370/.source.md",
        "state": "file",
        "uid": 0
    }
}

TASK [report : Archive report] *************************************************
changed: [pihole1012 -> localhost]

TASK [report : Show archive result] ********************************************
ok: [pihole1012 -> localhost] => {
    "report_archive": {
        "changed": true,
        "checksum": "0df7dc6ca312d7a9a5dbd0362f0c535dae9cd145",
        "dest": "/root/Homelab-Automation/playbooks/../reports/history/pihole1012-2026-07-24-210823.md",
        "failed": false,
        "gid": 0,
        "group": "root",
        "md5sum": "fa6f8aa7303823c47ab2d823bf37c137",
        "mode": "0644",
        "owner": "root",
        "size": 854,
        "src": "/root/Homelab-Automation/playbooks/../reports/current/pihole1012.md",
        "state": "file",
        "uid": 0
    }
}

PLAY [Homelab Maintenance Framework] *******************************************

TASK [Gathering Facts] *********************************************************
ok: [pihole1013]

TASK [Display host] ************************************************************
ok: [pihole1013] => {
    "msg": "========== pihole1013 =========="
}

TASK [common : Initialize report data] *****************************************
ok: [pihole1013]

TASK [common : Show report structure] ******************************************
ok: [pihole1013] => {
    "homelab_report": {
        "host": {
            "hostname": "pihole1013",
            "ip": "192.168.10.13",
            "kernel": "7.0.14-5-pve",
            "os": "Debian 12.15"
        },
        "platform": {},
        "precheck": {},
        "reboot": {},
        "updates": {},
        "validation": {}
    }
}

TASK [discovery : Detect Technitium] *******************************************
ok: [pihole1013]

TASK [discovery : Detect Unbound] **********************************************
ok: [pihole1013]

TASK [discovery : Detect PBS] **************************************************
ok: [pihole1013]

TASK [discovery : Detect Pi-hole] **********************************************
ok: [pihole1013]

TASK [precheck : Verify DNS] ***************************************************
ok: [pihole1013]

TASK [precheck : Record DNS result] ********************************************
ok: [pihole1013]

TASK [precheck : Verify Internet] **********************************************
ok: [pihole1013]

TASK [precheck : Record Internet result] ***************************************
ok: [pihole1013]

TASK [precheck : Verify Disk Space] ********************************************
ok: [pihole1013]

TASK [precheck : Record Disk result] *******************************************
ok: [pihole1013]

TASK [precheck : Display Precheck Report] **************************************
ok: [pihole1013] => {
    "homelab_report.precheck": {
        "disk": {
            "filesystem": [
                "Filesystem                        Size  Used Avail Use% Mounted on",
                "/dev/mapper/pve-vm--605--disk--0  3.9G  976M  2.7G  27% /"
            ],
            "status": "PASS"
        },
        "dns": {
            "lookup": "deb.debian.org",
            "result": "2a04:4e42:200::644 debian.map.fastlydns.net deb.debian.org\n2a04:4e42:400::644 debian.map.fastlydns.net deb.debian.org\n2a04:4e42:600::644 debian.map.fastlydns.net deb.debian.org\n2a04:4e42::644  debian.map.fastlydns.net deb.debian.org",
            "status": "PASS"
        },
        "internet": {
            "status": "PASS",
            "target": "8.8.8.8"
        }
    }
}

TASK [update : Record update start time] ***************************************
ok: [pihole1013]

TASK [update : Update package cache] *******************************************
ok: [pihole1013]

TASK [update : Upgrade packages] ***********************************************
ok: [pihole1013]

TASK [update : Check if reboot is required] ************************************
ok: [pihole1013]

TASK [update : Record update end time] *****************************************
ok: [pihole1013]

TASK [update : Store update results] *******************************************
ok: [pihole1013]

TASK [update : Display Update Report] ******************************************
ok: [pihole1013] => {
    "homelab_report.updates": {
        "duration_seconds": 0,
        "packages_changed": false,
        "reboot_required": false
    }
}

TASK [update : Publish update health contribution] *****************************
ok: [pihole1013]

TASK [reboot : Check if reboot required] ***************************************
ok: [pihole1013]

TASK [reboot : Reboot host] ****************************************************
skipping: [pihole1013]

TASK [reboot : Wait for SSH] ***************************************************
skipping: [pihole1013]

TASK [reboot : Wait for systemd to finish booting] *****************************
skipping: [pihole1013]

TASK [reboot : Refresh Ansible facts] ******************************************
skipping: [pihole1013]

TASK [reboot : Store reboot results] *******************************************
ok: [pihole1013]

TASK [reboot : Display Reboot Report] ******************************************
ok: [pihole1013] => {
    "homelab_report.reboot": {
        "performed": false,
        "required": false,
        "successful": true,
        "system_state": "not_rebooted"
    }
}

TASK [validate : Verify DNS] ***************************************************
ok: [pihole1013]

TASK [validate : Gather service facts] *****************************************
ok: [pihole1013]

TASK [validate : Initialize validation results] ********************************
ok: [pihole1013]

TASK [validate : Build validation results] *************************************
ok: [pihole1013] => (item=pihole-FTL)

TASK [validate : Store validation report] **************************************
ok: [pihole1013]

TASK [validate : Display Validation Report] ************************************
ok: [pihole1013] => {
    "homelab_report.validation": {
        "dns": {
            "lookup": "deb.debian.org",
            "status": "PASS"
        },
        "services": {
            "pihole-FTL": {
                "running": true
            }
        }
    }
}

TASK [validate : Publish validation health contribution] ***********************
ok: [pihole1013]

TASK [health : Initialize Health Engine] ***************************************
ok: [pihole1013]

TASK [health : Aggregate health contributors] **********************************
ok: [pihole1013] => (item=updates)
ok: [pihole1013] => (item=validation)

TASK [health : Calculate health percentage] ************************************
ok: [pihole1013]

TASK [health : Set overall health status] **************************************
ok: [pihole1013]

TASK [health : Store Health Report] ********************************************
ok: [pihole1013]

TASK [health : Display Health Engine] ******************************************
ok: [pihole1013] => {
    "homelab_health": {
        "categories": {
            "updates": {
                "earned": 20,
                "issues": [],
                "possible": 20,
                "status": "PASS"
            },
            "validation": {
                "earned": 20,
                "issues": [],
                "possible": 20,
                "status": "PASS"
            }
        },
        "issues": [],
        "overall": {
            "earned": 40,
            "possible": 40,
            "score": 100,
            "status": "HEALTHY"
        }
    }
}

TASK [report : Show report paths] **********************************************
ok: [pihole1013 -> localhost] => {
    "msg": [
        "Report Root: /root/Homelab-Automation/playbooks/../reports/current",
        "History: /root/Homelab-Automation/playbooks/../reports/history",
        "Report File: /root/Homelab-Automation/playbooks/../reports/current/pihole1013.md"
    ]
}

TASK [report : Ensure report directories exist] ********************************
ok: [pihole1013 -> localhost] => (item=/root/Homelab-Automation/playbooks/../reports/current)
ok: [pihole1013 -> localhost] => (item=/root/Homelab-Automation/playbooks/../reports/history)
ok: [pihole1013 -> localhost] => (item=/root/Homelab-Automation/playbooks/../reports/json)

TASK [report : Generate Markdown report] ***************************************
changed: [pihole1013 -> localhost]

TASK [report : Generate JSON report] *******************************************
ok: [pihole1013 -> localhost]

TASK [report : Show template result] *******************************************
ok: [pihole1013 -> localhost] => {
    "report_template": {
        "changed": true,
        "checksum": "c80dec37fa3d49b48513aa16f57b0763182bd1d4",
        "dest": "/root/Homelab-Automation/playbooks/../reports/current/pihole1013.md",
        "diff": [],
        "failed": false,
        "gid": 0,
        "group": "root",
        "md5sum": "76dcbd33e30917dccb1706ad3fa6aa8e",
        "mode": "0644",
        "owner": "root",
        "size": 854,
        "src": "/root/.ansible/tmp/ansible-tmp-1784941722.2375915-79233-218958580571487/.source.md",
        "state": "file",
        "uid": 0
    }
}

TASK [report : Archive report] *************************************************
changed: [pihole1013 -> localhost]

TASK [report : Show archive result] ********************************************
ok: [pihole1013 -> localhost] => {
    "report_archive": {
        "changed": true,
        "checksum": "c80dec37fa3d49b48513aa16f57b0763182bd1d4",
        "dest": "/root/Homelab-Automation/playbooks/../reports/history/pihole1013-2026-07-24-210833.md",
        "failed": false,
        "gid": 0,
        "group": "root",
        "md5sum": "76dcbd33e30917dccb1706ad3fa6aa8e",
        "mode": "0644",
        "owner": "root",
        "size": 854,
        "src": "/root/Homelab-Automation/playbooks/../reports/current/pihole1013.md",
        "state": "file",
        "uid": 0
    }
}

PLAY [Homelab Maintenance Framework] *******************************************

TASK [Gathering Facts] *********************************************************
ok: [pihole1014]

TASK [Display host] ************************************************************
ok: [pihole1014] => {
    "msg": "========== pihole1014 =========="
}

TASK [common : Initialize report data] *****************************************
ok: [pihole1014]

TASK [common : Show report structure] ******************************************
ok: [pihole1014] => {
    "homelab_report": {
        "host": {
            "hostname": "pihole1014",
            "ip": "192.168.10.14",
            "kernel": "7.0.14-5-pve",
            "os": "Debian 12.15"
        },
        "platform": {},
        "precheck": {},
        "reboot": {},
        "updates": {},
        "validation": {}
    }
}

TASK [discovery : Detect Technitium] *******************************************
ok: [pihole1014]

TASK [discovery : Detect Unbound] **********************************************
ok: [pihole1014]

TASK [discovery : Detect PBS] **************************************************
ok: [pihole1014]

TASK [discovery : Detect Pi-hole] **********************************************
ok: [pihole1014]

TASK [precheck : Verify DNS] ***************************************************
ok: [pihole1014]

TASK [precheck : Record DNS result] ********************************************
ok: [pihole1014]

TASK [precheck : Verify Internet] **********************************************
ok: [pihole1014]

TASK [precheck : Record Internet result] ***************************************
ok: [pihole1014]

TASK [precheck : Verify Disk Space] ********************************************
ok: [pihole1014]

TASK [precheck : Record Disk result] *******************************************
ok: [pihole1014]

TASK [precheck : Display Precheck Report] **************************************
ok: [pihole1014] => {
    "homelab_report.precheck": {
        "disk": {
            "filesystem": [
                "Filesystem                        Size  Used Avail Use% Mounted on",
                "/dev/mapper/pve-vm--604--disk--0  3.9G  993M  2.7G  27% /"
            ],
            "status": "PASS"
        },
        "dns": {
            "lookup": "deb.debian.org",
            "result": "2a04:4e42:72::644 debian.map.fastlydns.net deb.debian.org",
            "status": "PASS"
        },
        "internet": {
            "status": "PASS",
            "target": "8.8.8.8"
        }
    }
}

TASK [update : Record update start time] ***************************************
ok: [pihole1014]

TASK [update : Update package cache] *******************************************
ok: [pihole1014]

TASK [update : Upgrade packages] ***********************************************
ok: [pihole1014]

TASK [update : Check if reboot is required] ************************************
ok: [pihole1014]

TASK [update : Record update end time] *****************************************
ok: [pihole1014]

TASK [update : Store update results] *******************************************
ok: [pihole1014]

TASK [update : Display Update Report] ******************************************
ok: [pihole1014] => {
    "homelab_report.updates": {
        "duration_seconds": 0,
        "packages_changed": false,
        "reboot_required": false
    }
}

TASK [update : Publish update health contribution] *****************************
ok: [pihole1014]

TASK [reboot : Check if reboot required] ***************************************
ok: [pihole1014]

TASK [reboot : Reboot host] ****************************************************
skipping: [pihole1014]

TASK [reboot : Wait for SSH] ***************************************************
skipping: [pihole1014]

TASK [reboot : Wait for systemd to finish booting] *****************************
skipping: [pihole1014]

TASK [reboot : Refresh Ansible facts] ******************************************
skipping: [pihole1014]

TASK [reboot : Store reboot results] *******************************************
ok: [pihole1014]

TASK [reboot : Display Reboot Report] ******************************************
ok: [pihole1014] => {
    "homelab_report.reboot": {
        "performed": false,
        "required": false,
        "successful": true,
        "system_state": "not_rebooted"
    }
}

TASK [validate : Verify DNS] ***************************************************
ok: [pihole1014]

TASK [validate : Gather service facts] *****************************************
ok: [pihole1014]

TASK [validate : Initialize validation results] ********************************
ok: [pihole1014]

TASK [validate : Build validation results] *************************************
ok: [pihole1014] => (item=pihole-FTL)

TASK [validate : Store validation report] **************************************
ok: [pihole1014]

TASK [validate : Display Validation Report] ************************************
ok: [pihole1014] => {
    "homelab_report.validation": {
        "dns": {
            "lookup": "deb.debian.org",
            "status": "PASS"
        },
        "services": {
            "pihole-FTL": {
                "running": true
            }
        }
    }
}

TASK [validate : Publish validation health contribution] ***********************
ok: [pihole1014]

TASK [health : Initialize Health Engine] ***************************************
ok: [pihole1014]

TASK [health : Aggregate health contributors] **********************************
ok: [pihole1014] => (item=updates)
ok: [pihole1014] => (item=validation)

TASK [health : Calculate health percentage] ************************************
ok: [pihole1014]

TASK [health : Set overall health status] **************************************
ok: [pihole1014]

TASK [health : Store Health Report] ********************************************
ok: [pihole1014]

TASK [health : Display Health Engine] ******************************************
ok: [pihole1014] => {
    "homelab_health": {
        "categories": {
            "updates": {
                "earned": 20,
                "issues": [],
                "possible": 20,
                "status": "PASS"
            },
            "validation": {
                "earned": 20,
                "issues": [],
                "possible": 20,
                "status": "PASS"
            }
        },
        "issues": [],
        "overall": {
            "earned": 40,
            "possible": 40,
            "score": 100,
            "status": "HEALTHY"
        }
    }
}

TASK [report : Show report paths] **********************************************
ok: [pihole1014 -> localhost] => {
    "msg": [
        "Report Root: /root/Homelab-Automation/playbooks/../reports/current",
        "History: /root/Homelab-Automation/playbooks/../reports/history",
        "Report File: /root/Homelab-Automation/playbooks/../reports/current/pihole1014.md"
    ]
}

TASK [report : Ensure report directories exist] ********************************
ok: [pihole1014 -> localhost] => (item=/root/Homelab-Automation/playbooks/../reports/current)
ok: [pihole1014 -> localhost] => (item=/root/Homelab-Automation/playbooks/../reports/history)
ok: [pihole1014 -> localhost] => (item=/root/Homelab-Automation/playbooks/../reports/json)

TASK [report : Generate Markdown report] ***************************************
changed: [pihole1014 -> localhost]

TASK [report : Generate JSON report] *******************************************
ok: [pihole1014 -> localhost]

TASK [report : Show template result] *******************************************
ok: [pihole1014 -> localhost] => {
    "report_template": {
        "changed": true,
        "checksum": "0d429fec61d48a04f0dddedcc8af791d2a4f3ee9",
        "dest": "/root/Homelab-Automation/playbooks/../reports/current/pihole1014.md",
        "diff": [],
        "failed": false,
        "gid": 0,
        "group": "root",
        "md5sum": "5028af2818b316819db733803985034a",
        "mode": "0644",
        "owner": "root",
        "size": 854,
        "src": "/root/.ansible/tmp/ansible-tmp-1784941732.4886465-79661-183568957599896/.source.md",
        "state": "file",
        "uid": 0
    }
}

TASK [report : Archive report] *************************************************
changed: [pihole1014 -> localhost]

TASK [report : Show archive result] ********************************************
ok: [pihole1014 -> localhost] => {
    "report_archive": {
        "changed": true,
        "checksum": "0d429fec61d48a04f0dddedcc8af791d2a4f3ee9",
        "dest": "/root/Homelab-Automation/playbooks/../reports/history/pihole1014-2026-07-24-210843.md",
        "failed": false,
        "gid": 0,
        "group": "root",
        "md5sum": "5028af2818b316819db733803985034a",
        "mode": "0644",
        "owner": "root",
        "size": 854,
        "src": "/root/Homelab-Automation/playbooks/../reports/current/pihole1014.md",
        "state": "file",
        "uid": 0
    }
}

PLAY [Homelab Maintenance Framework] *******************************************

TASK [Gathering Facts] *********************************************************
ok: [pihole1016]

TASK [Display host] ************************************************************
ok: [pihole1016] => {
    "msg": "========== pihole1016 =========="
}

TASK [common : Initialize report data] *****************************************
ok: [pihole1016]

TASK [common : Show report structure] ******************************************
ok: [pihole1016] => {
    "homelab_report": {
        "host": {
            "hostname": "pihole1016",
            "ip": "192.168.10.16",
            "kernel": "7.0.14-5-pve",
            "os": "Debian 12.15"
        },
        "platform": {},
        "precheck": {},
        "reboot": {},
        "updates": {},
        "validation": {}
    }
}

TASK [discovery : Detect Technitium] *******************************************
ok: [pihole1016]

TASK [discovery : Detect Unbound] **********************************************
ok: [pihole1016]

TASK [discovery : Detect PBS] **************************************************
ok: [pihole1016]

TASK [discovery : Detect Pi-hole] **********************************************
ok: [pihole1016]

TASK [precheck : Verify DNS] ***************************************************
ok: [pihole1016]

TASK [precheck : Record DNS result] ********************************************
ok: [pihole1016]

TASK [precheck : Verify Internet] **********************************************
ok: [pihole1016]

TASK [precheck : Record Internet result] ***************************************
ok: [pihole1016]

TASK [precheck : Verify Disk Space] ********************************************
ok: [pihole1016]

TASK [precheck : Record Disk result] *******************************************
ok: [pihole1016]

TASK [precheck : Display Precheck Report] **************************************
ok: [pihole1016] => {
    "homelab_report.precheck": {
        "disk": {
            "filesystem": [
                "Filesystem                        Size  Used Avail Use% Mounted on",
                "/dev/mapper/pve-vm--607--disk--0  3.9G  1.1G  2.7G  28% /"
            ],
            "status": "PASS"
        },
        "dns": {
            "lookup": "deb.debian.org",
            "result": "2a04:4e42:72::644 debian.map.fastlydns.net deb.debian.org",
            "status": "PASS"
        },
        "internet": {
            "status": "PASS",
            "target": "8.8.8.8"
        }
    }
}

TASK [update : Record update start time] ***************************************
ok: [pihole1016]

TASK [update : Update package cache] *******************************************
ok: [pihole1016]

TASK [update : Upgrade packages] ***********************************************
ok: [pihole1016]

TASK [update : Check if reboot is required] ************************************
ok: [pihole1016]

TASK [update : Record update end time] *****************************************
ok: [pihole1016]

TASK [update : Store update results] *******************************************
ok: [pihole1016]

TASK [update : Display Update Report] ******************************************
ok: [pihole1016] => {
    "homelab_report.updates": {
        "duration_seconds": 0,
        "packages_changed": false,
        "reboot_required": false
    }
}

TASK [update : Publish update health contribution] *****************************
ok: [pihole1016]

TASK [reboot : Check if reboot required] ***************************************
ok: [pihole1016]

TASK [reboot : Reboot host] ****************************************************
skipping: [pihole1016]

TASK [reboot : Wait for SSH] ***************************************************
skipping: [pihole1016]

TASK [reboot : Wait for systemd to finish booting] *****************************
skipping: [pihole1016]

TASK [reboot : Refresh Ansible facts] ******************************************
skipping: [pihole1016]

TASK [reboot : Store reboot results] *******************************************
ok: [pihole1016]

TASK [reboot : Display Reboot Report] ******************************************
ok: [pihole1016] => {
    "homelab_report.reboot": {
        "performed": false,
        "required": false,
        "successful": true,
        "system_state": "not_rebooted"
    }
}

TASK [validate : Verify DNS] ***************************************************
ok: [pihole1016]

TASK [validate : Gather service facts] *****************************************
ok: [pihole1016]

TASK [validate : Initialize validation results] ********************************
ok: [pihole1016]

TASK [validate : Build validation results] *************************************
ok: [pihole1016] => (item=pihole-FTL)

TASK [validate : Store validation report] **************************************
ok: [pihole1016]

TASK [validate : Display Validation Report] ************************************
ok: [pihole1016] => {
    "homelab_report.validation": {
        "dns": {
            "lookup": "deb.debian.org",
            "status": "PASS"
        },
        "services": {
            "pihole-FTL": {
                "running": true
            }
        }
    }
}

TASK [validate : Publish validation health contribution] ***********************
ok: [pihole1016]

TASK [health : Initialize Health Engine] ***************************************
ok: [pihole1016]

TASK [health : Aggregate health contributors] **********************************
ok: [pihole1016] => (item=updates)
ok: [pihole1016] => (item=validation)

TASK [health : Calculate health percentage] ************************************
ok: [pihole1016]

TASK [health : Set overall health status] **************************************
ok: [pihole1016]

TASK [health : Store Health Report] ********************************************
ok: [pihole1016]

TASK [health : Display Health Engine] ******************************************
ok: [pihole1016] => {
    "homelab_health": {
        "categories": {
            "updates": {
                "earned": 20,
                "issues": [],
                "possible": 20,
                "status": "PASS"
            },
            "validation": {
                "earned": 20,
                "issues": [],
                "possible": 20,
                "status": "PASS"
            }
        },
        "issues": [],
        "overall": {
            "earned": 40,
            "possible": 40,
            "score": 100,
            "status": "HEALTHY"
        }
    }
}

TASK [report : Show report paths] **********************************************
ok: [pihole1016 -> localhost] => {
    "msg": [
        "Report Root: /root/Homelab-Automation/playbooks/../reports/current",
        "History: /root/Homelab-Automation/playbooks/../reports/history",
        "Report File: /root/Homelab-Automation/playbooks/../reports/current/pihole1016.md"
    ]
}

TASK [report : Ensure report directories exist] ********************************
ok: [pihole1016 -> localhost] => (item=/root/Homelab-Automation/playbooks/../reports/current)
ok: [pihole1016 -> localhost] => (item=/root/Homelab-Automation/playbooks/../reports/history)
ok: [pihole1016 -> localhost] => (item=/root/Homelab-Automation/playbooks/../reports/json)

TASK [report : Generate Markdown report] ***************************************
changed: [pihole1016 -> localhost]

TASK [report : Generate JSON report] *******************************************
ok: [pihole1016 -> localhost]

TASK [report : Show template result] *******************************************
ok: [pihole1016 -> localhost] => {
    "report_template": {
        "changed": true,
        "checksum": "2a05e43d1a427f898f446279f479796aa811551d",
        "dest": "/root/Homelab-Automation/playbooks/../reports/current/pihole1016.md",
        "diff": [],
        "failed": false,
        "gid": 0,
        "group": "root",
        "md5sum": "52bce574e665e16d8c9b535f14d27a36",
        "mode": "0644",
        "owner": "root",
        "size": 854,
        "src": "/root/.ansible/tmp/ansible-tmp-1784941742.5818148-80089-38816826688424/.source.md",
        "state": "file",
        "uid": 0
    }
}

TASK [report : Archive report] *************************************************
changed: [pihole1016 -> localhost]

TASK [report : Show archive result] ********************************************
ok: [pihole1016 -> localhost] => {
    "report_archive": {
        "changed": true,
        "checksum": "2a05e43d1a427f898f446279f479796aa811551d",
        "dest": "/root/Homelab-Automation/playbooks/../reports/history/pihole1016-2026-07-24-210853.md",
        "failed": false,
        "gid": 0,
        "group": "root",
        "md5sum": "52bce574e665e16d8c9b535f14d27a36",
        "mode": "0644",
        "owner": "root",
        "size": 854,
        "src": "/root/Homelab-Automation/playbooks/../reports/current/pihole1016.md",
        "state": "file",
        "uid": 0
    }
}

PLAY [Homelab Maintenance Framework] *******************************************

TASK [Gathering Facts] *********************************************************
ok: [pihole1017]

TASK [Display host] ************************************************************
ok: [pihole1017] => {
    "msg": "========== pihole1017 =========="
}

TASK [common : Initialize report data] *****************************************
ok: [pihole1017]

TASK [common : Show report structure] ******************************************
ok: [pihole1017] => {
    "homelab_report": {
        "host": {
            "hostname": "pihole1017",
            "ip": "192.168.10.17",
            "kernel": "7.0.14-5-pve",
            "os": "Debian 12.15"
        },
        "platform": {},
        "precheck": {},
        "reboot": {},
        "updates": {},
        "validation": {}
    }
}

TASK [discovery : Detect Technitium] *******************************************
ok: [pihole1017]

TASK [discovery : Detect Unbound] **********************************************
ok: [pihole1017]

TASK [discovery : Detect PBS] **************************************************
ok: [pihole1017]

TASK [discovery : Detect Pi-hole] **********************************************
ok: [pihole1017]

TASK [precheck : Verify DNS] ***************************************************
ok: [pihole1017]

TASK [precheck : Record DNS result] ********************************************
ok: [pihole1017]

TASK [precheck : Verify Internet] **********************************************
ok: [pihole1017]

TASK [precheck : Record Internet result] ***************************************
ok: [pihole1017]

TASK [precheck : Verify Disk Space] ********************************************
ok: [pihole1017]

TASK [precheck : Record Disk result] *******************************************
ok: [pihole1017]

TASK [precheck : Display Precheck Report] **************************************
ok: [pihole1017] => {
    "homelab_report.precheck": {
        "disk": {
            "filesystem": [
                "Filesystem                        Size  Used Avail Use% Mounted on",
                "/dev/mapper/pve-vm--608--disk--0  3.9G 1015M  2.7G  28% /"
            ],
            "status": "PASS"
        },
        "dns": {
            "lookup": "deb.debian.org",
            "result": "2a04:4e42:72::644 debian.map.fastlydns.net deb.debian.org",
            "status": "PASS"
        },
        "internet": {
            "status": "PASS",
            "target": "8.8.8.8"
        }
    }
}

TASK [update : Record update start time] ***************************************
ok: [pihole1017]

TASK [update : Update package cache] *******************************************
ok: [pihole1017]

TASK [update : Upgrade packages] ***********************************************
ok: [pihole1017]

TASK [update : Check if reboot is required] ************************************
ok: [pihole1017]

TASK [update : Record update end time] *****************************************
ok: [pihole1017]

TASK [update : Store update results] *******************************************
ok: [pihole1017]

TASK [update : Display Update Report] ******************************************
ok: [pihole1017] => {
    "homelab_report.updates": {
        "duration_seconds": 0,
        "packages_changed": false,
        "reboot_required": false
    }
}

TASK [update : Publish update health contribution] *****************************
ok: [pihole1017]

TASK [reboot : Check if reboot required] ***************************************
ok: [pihole1017]

TASK [reboot : Reboot host] ****************************************************
skipping: [pihole1017]

TASK [reboot : Wait for SSH] ***************************************************
skipping: [pihole1017]

TASK [reboot : Wait for systemd to finish booting] *****************************
skipping: [pihole1017]

TASK [reboot : Refresh Ansible facts] ******************************************
skipping: [pihole1017]

TASK [reboot : Store reboot results] *******************************************
ok: [pihole1017]

TASK [reboot : Display Reboot Report] ******************************************
ok: [pihole1017] => {
    "homelab_report.reboot": {
        "performed": false,
        "required": false,
        "successful": true,
        "system_state": "not_rebooted"
    }
}

TASK [validate : Verify DNS] ***************************************************
ok: [pihole1017]

TASK [validate : Gather service facts] *****************************************
ok: [pihole1017]

TASK [validate : Initialize validation results] ********************************
ok: [pihole1017]

TASK [validate : Build validation results] *************************************
ok: [pihole1017] => (item=pihole-FTL)

TASK [validate : Store validation report] **************************************
ok: [pihole1017]

TASK [validate : Display Validation Report] ************************************
ok: [pihole1017] => {
    "homelab_report.validation": {
        "dns": {
            "lookup": "deb.debian.org",
            "status": "PASS"
        },
        "services": {
            "pihole-FTL": {
                "running": true
            }
        }
    }
}

TASK [validate : Publish validation health contribution] ***********************
ok: [pihole1017]

TASK [health : Initialize Health Engine] ***************************************
ok: [pihole1017]

TASK [health : Aggregate health contributors] **********************************
ok: [pihole1017] => (item=updates)
ok: [pihole1017] => (item=validation)

TASK [health : Calculate health percentage] ************************************
ok: [pihole1017]

TASK [health : Set overall health status] **************************************
ok: [pihole1017]

TASK [health : Store Health Report] ********************************************
ok: [pihole1017]

TASK [health : Display Health Engine] ******************************************
ok: [pihole1017] => {
    "homelab_health": {
        "categories": {
            "updates": {
                "earned": 20,
                "issues": [],
                "possible": 20,
                "status": "PASS"
            },
            "validation": {
                "earned": 20,
                "issues": [],
                "possible": 20,
                "status": "PASS"
            }
        },
        "issues": [],
        "overall": {
            "earned": 40,
            "possible": 40,
            "score": 100,
            "status": "HEALTHY"
        }
    }
}

TASK [report : Show report paths] **********************************************
ok: [pihole1017 -> localhost] => {
    "msg": [
        "Report Root: /root/Homelab-Automation/playbooks/../reports/current",
        "History: /root/Homelab-Automation/playbooks/../reports/history",
        "Report File: /root/Homelab-Automation/playbooks/../reports/current/pihole1017.md"
    ]
}

TASK [report : Ensure report directories exist] ********************************
ok: [pihole1017 -> localhost] => (item=/root/Homelab-Automation/playbooks/../reports/current)
ok: [pihole1017 -> localhost] => (item=/root/Homelab-Automation/playbooks/../reports/history)
ok: [pihole1017 -> localhost] => (item=/root/Homelab-Automation/playbooks/../reports/json)

TASK [report : Generate Markdown report] ***************************************
changed: [pihole1017 -> localhost]

TASK [report : Generate JSON report] *******************************************
ok: [pihole1017 -> localhost]

TASK [report : Show template result] *******************************************
ok: [pihole1017 -> localhost] => {
    "report_template": {
        "changed": true,
        "checksum": "c44d124ff5daae7548586c61d766183f44149f44",
        "dest": "/root/Homelab-Automation/playbooks/../reports/current/pihole1017.md",
        "diff": [],
        "failed": false,
        "gid": 0,
        "group": "root",
        "md5sum": "b18dbb41236b8916b60661c2dee5f73f",
        "mode": "0644",
        "owner": "root",
        "size": 854,
        "src": "/root/.ansible/tmp/ansible-tmp-1784941752.7826197-80517-194157836202930/.source.md",
        "state": "file",
        "uid": 0
    }
}

TASK [report : Archive report] *************************************************
changed: [pihole1017 -> localhost]

TASK [report : Show archive result] ********************************************
ok: [pihole1017 -> localhost] => {
    "report_archive": {
        "changed": true,
        "checksum": "c44d124ff5daae7548586c61d766183f44149f44",
        "dest": "/root/Homelab-Automation/playbooks/../reports/history/pihole1017-2026-07-24-210904.md",
        "failed": false,
        "gid": 0,
        "group": "root",
        "md5sum": "b18dbb41236b8916b60661c2dee5f73f",
        "mode": "0644",
        "owner": "root",
        "size": 854,
        "src": "/root/Homelab-Automation/playbooks/../reports/current/pihole1017.md",
        "state": "file",
        "uid": 0
    }
}

PLAY [Homelab Maintenance Framework] *******************************************

TASK [Gathering Facts] *********************************************************
ok: [aptcache]

TASK [Display host] ************************************************************
ok: [aptcache] => {
    "msg": "========== aptcache =========="
}

TASK [common : Initialize report data] *****************************************
ok: [aptcache]

TASK [common : Show report structure] ******************************************
ok: [aptcache] => {
    "homelab_report": {
        "host": {
            "hostname": "aptcache",
            "ip": "192.168.10.15",
            "kernel": "7.0.14-5-pve",
            "os": "Debian 12.15"
        },
        "platform": {},
        "precheck": {},
        "reboot": {},
        "updates": {},
        "validation": {}
    }
}

TASK [discovery : Detect Technitium] *******************************************
ok: [aptcache]

TASK [discovery : Detect Unbound] **********************************************
ok: [aptcache]

TASK [discovery : Detect PBS] **************************************************
ok: [aptcache]

TASK [discovery : Detect Pi-hole] **********************************************
ok: [aptcache]

TASK [precheck : Verify DNS] ***************************************************
ok: [aptcache]

TASK [precheck : Record DNS result] ********************************************
ok: [aptcache]

TASK [precheck : Verify Internet] **********************************************
ok: [aptcache]

TASK [precheck : Record Internet result] ***************************************
ok: [aptcache]

TASK [precheck : Verify Disk Space] ********************************************
ok: [aptcache]

TASK [precheck : Record Disk result] *******************************************
ok: [aptcache]

TASK [precheck : Display Precheck Report] **************************************
ok: [aptcache] => {
    "homelab_report.precheck": {
        "disk": {
            "filesystem": [
                "Filesystem                        Size  Used Avail Use% Mounted on",
                "/dev/mapper/pve-vm--700--disk--0   15G  1.5G   13G  11% /"
            ],
            "status": "PASS"
        },
        "dns": {
            "lookup": "deb.debian.org",
            "result": "2a04:4e42:72::644 debian.map.fastlydns.net deb.debian.org",
            "status": "PASS"
        },
        "internet": {
            "status": "PASS",
            "target": "8.8.8.8"
        }
    }
}

TASK [update : Record update start time] ***************************************
ok: [aptcache]

TASK [update : Update package cache] *******************************************
ok: [aptcache]

TASK [update : Upgrade packages] ***********************************************
ok: [aptcache]

TASK [update : Check if reboot is required] ************************************
ok: [aptcache]

TASK [update : Record update end time] *****************************************
ok: [aptcache]

TASK [update : Store update results] *******************************************
ok: [aptcache]

TASK [update : Display Update Report] ******************************************
ok: [aptcache] => {
    "homelab_report.updates": {
        "duration_seconds": 0,
        "packages_changed": false,
        "reboot_required": false
    }
}

TASK [update : Publish update health contribution] *****************************
ok: [aptcache]

TASK [reboot : Check if reboot required] ***************************************
ok: [aptcache]

TASK [reboot : Reboot host] ****************************************************
skipping: [aptcache]

TASK [reboot : Wait for SSH] ***************************************************
skipping: [aptcache]

TASK [reboot : Wait for systemd to finish booting] *****************************
skipping: [aptcache]

TASK [reboot : Refresh Ansible facts] ******************************************
skipping: [aptcache]

TASK [reboot : Store reboot results] *******************************************
ok: [aptcache]

TASK [reboot : Display Reboot Report] ******************************************
ok: [aptcache] => {
    "homelab_report.reboot": {
        "performed": false,
        "required": false,
        "successful": true,
        "system_state": "not_rebooted"
    }
}

TASK [validate : Verify DNS] ***************************************************
ok: [aptcache]

TASK [validate : Gather service facts] *****************************************
ok: [aptcache]

TASK [validate : Initialize validation results] ********************************
ok: [aptcache]

TASK [validate : Build validation results] *************************************
ok: [aptcache] => (item=ssh)
ok: [aptcache] => (item=cron)

TASK [validate : Store validation report] **************************************
ok: [aptcache]

TASK [validate : Display Validation Report] ************************************
ok: [aptcache] => {
    "homelab_report.validation": {
        "dns": {
            "lookup": "deb.debian.org",
            "status": "PASS"
        },
        "services": {
            "cron": {
                "running": true
            },
            "ssh": {
                "running": true
            }
        }
    }
}

TASK [validate : Publish validation health contribution] ***********************
ok: [aptcache]

TASK [health : Initialize Health Engine] ***************************************
ok: [aptcache]

TASK [health : Aggregate health contributors] **********************************
ok: [aptcache] => (item=updates)
ok: [aptcache] => (item=validation)

TASK [health : Calculate health percentage] ************************************
ok: [aptcache]

TASK [health : Set overall health status] **************************************
ok: [aptcache]

TASK [health : Store Health Report] ********************************************
ok: [aptcache]

TASK [health : Display Health Engine] ******************************************
ok: [aptcache] => {
    "homelab_health": {
        "categories": {
            "updates": {
                "earned": 20,
                "issues": [],
                "possible": 20,
                "status": "PASS"
            },
            "validation": {
                "earned": 20,
                "issues": [],
                "possible": 20,
                "status": "PASS"
            }
        },
        "issues": [],
        "overall": {
            "earned": 40,
            "possible": 40,
            "score": 100,
            "status": "HEALTHY"
        }
    }
}

TASK [report : Show report paths] **********************************************
ok: [aptcache -> localhost] => {
    "msg": [
        "Report Root: /root/Homelab-Automation/playbooks/../reports/current",
        "History: /root/Homelab-Automation/playbooks/../reports/history",
        "Report File: /root/Homelab-Automation/playbooks/../reports/current/aptcache.md"
    ]
}

TASK [report : Ensure report directories exist] ********************************
ok: [aptcache -> localhost] => (item=/root/Homelab-Automation/playbooks/../reports/current)
ok: [aptcache -> localhost] => (item=/root/Homelab-Automation/playbooks/../reports/history)
ok: [aptcache -> localhost] => (item=/root/Homelab-Automation/playbooks/../reports/json)

TASK [report : Generate Markdown report] ***************************************
changed: [aptcache -> localhost]

TASK [report : Generate JSON report] *******************************************
ok: [aptcache -> localhost]

TASK [report : Show template result] *******************************************
ok: [aptcache -> localhost] => {
    "report_template": {
        "changed": true,
        "checksum": "b6fecc9b21b1f4eed787609060dfee123907029f",
        "dest": "/root/Homelab-Automation/playbooks/../reports/current/aptcache.md",
        "diff": [],
        "failed": false,
        "gid": 0,
        "group": "root",
        "md5sum": "2fe691b3606e62087cb00abdb34d97dd",
        "mode": "0644",
        "owner": "root",
        "size": 865,
        "src": "/root/.ansible/tmp/ansible-tmp-1784941762.9705966-80945-192329409901235/.source.md",
        "state": "file",
        "uid": 0
    }
}

TASK [report : Archive report] *************************************************
changed: [aptcache -> localhost]

TASK [report : Show archive result] ********************************************
ok: [aptcache -> localhost] => {
    "report_archive": {
        "changed": true,
        "checksum": "b6fecc9b21b1f4eed787609060dfee123907029f",
        "dest": "/root/Homelab-Automation/playbooks/../reports/history/aptcache-2026-07-24-210914.md",
        "failed": false,
        "gid": 0,
        "group": "root",
        "md5sum": "2fe691b3606e62087cb00abdb34d97dd",
        "mode": "0644",
        "owner": "root",
        "size": 865,
        "src": "/root/Homelab-Automation/playbooks/../reports/current/aptcache.md",
        "state": "file",
        "uid": 0
    }
}

PLAY [Homelab Maintenance Framework] *******************************************

TASK [Gathering Facts] *********************************************************
ok: [postgres]

TASK [Display host] ************************************************************
ok: [postgres] => {
    "msg": "========== postgres =========="
}

TASK [common : Initialize report data] *****************************************
ok: [postgres]

TASK [common : Show report structure] ******************************************
ok: [postgres] => {
    "homelab_report": {
        "host": {
            "hostname": "postgres",
            "ip": "192.168.37.34",
            "kernel": "7.0.14-5-pve",
            "os": "Debian 13.6"
        },
        "platform": {},
        "precheck": {},
        "reboot": {},
        "updates": {},
        "validation": {}
    }
}

TASK [discovery : Detect Technitium] *******************************************
ok: [postgres]

TASK [discovery : Detect Unbound] **********************************************
ok: [postgres]

TASK [discovery : Detect PBS] **************************************************
ok: [postgres]

TASK [discovery : Detect Pi-hole] **********************************************
ok: [postgres]

TASK [precheck : Verify DNS] ***************************************************
ok: [postgres]

TASK [precheck : Record DNS result] ********************************************
ok: [postgres]

TASK [precheck : Verify Internet] **********************************************
ok: [postgres]

TASK [precheck : Record Internet result] ***************************************
ok: [postgres]

TASK [precheck : Verify Disk Space] ********************************************
ok: [postgres]

TASK [precheck : Record Disk result] *******************************************
ok: [postgres]

TASK [precheck : Display Precheck Report] **************************************
ok: [postgres] => {
    "homelab_report.precheck": {
        "disk": {
            "filesystem": [
                "Filesystem                        Size  Used Avail Use% Mounted on",
                "/dev/mapper/pve-vm--700--disk--0   63G  4.3G   56G   8% /"
            ],
            "status": "PASS"
        },
        "dns": {
            "lookup": "deb.debian.org",
            "result": "2a04:4e42::644  debian.map.fastlydns.net deb.debian.org\n2a04:4e42:200::644 debian.map.fastlydns.net deb.debian.org\n2a04:4e42:400::644 debian.map.fastlydns.net deb.debian.org\n2a04:4e42:600::644 debian.map.fastlydns.net deb.debian.org",
            "status": "PASS"
        },
        "internet": {
            "status": "PASS",
            "target": "8.8.8.8"
        }
    }
}

TASK [update : Record update start time] ***************************************
ok: [postgres]

TASK [update : Update package cache] *******************************************
ok: [postgres]

TASK [update : Upgrade packages] ***********************************************
ok: [postgres]

TASK [update : Check if reboot is required] ************************************
ok: [postgres]

TASK [update : Record update end time] *****************************************
ok: [postgres]

TASK [update : Store update results] *******************************************
ok: [postgres]

TASK [update : Display Update Report] ******************************************
ok: [postgres] => {
    "homelab_report.updates": {
        "duration_seconds": 0,
        "packages_changed": false,
        "reboot_required": false
    }
}

TASK [update : Publish update health contribution] *****************************
ok: [postgres]

TASK [reboot : Check if reboot required] ***************************************
ok: [postgres]

TASK [reboot : Reboot host] ****************************************************
skipping: [postgres]

TASK [reboot : Wait for SSH] ***************************************************
skipping: [postgres]

TASK [reboot : Wait for systemd to finish booting] *****************************
skipping: [postgres]

TASK [reboot : Refresh Ansible facts] ******************************************
skipping: [postgres]

TASK [reboot : Store reboot results] *******************************************
ok: [postgres]

TASK [reboot : Display Reboot Report] ******************************************
ok: [postgres] => {
    "homelab_report.reboot": {
        "performed": false,
        "required": false,
        "successful": true,
        "system_state": "not_rebooted"
    }
}

TASK [validate : Verify DNS] ***************************************************
ok: [postgres]

TASK [validate : Gather service facts] *****************************************
ok: [postgres]

TASK [validate : Initialize validation results] ********************************
ok: [postgres]

TASK [validate : Build validation results] *************************************
ok: [postgres] => (item=ssh)
ok: [postgres] => (item=cron)

TASK [validate : Store validation report] **************************************
ok: [postgres]

TASK [validate : Display Validation Report] ************************************
ok: [postgres] => {
    "homelab_report.validation": {
        "dns": {
            "lookup": "deb.debian.org",
            "status": "PASS"
        },
        "services": {
            "cron": {
                "running": true
            },
            "ssh": {
                "running": true
            }
        }
    }
}

TASK [validate : Publish validation health contribution] ***********************
ok: [postgres]

TASK [health : Initialize Health Engine] ***************************************
ok: [postgres]

TASK [health : Aggregate health contributors] **********************************
ok: [postgres] => (item=updates)
ok: [postgres] => (item=validation)

TASK [health : Calculate health percentage] ************************************
ok: [postgres]

TASK [health : Set overall health status] **************************************
ok: [postgres]

TASK [health : Store Health Report] ********************************************
ok: [postgres]

TASK [health : Display Health Engine] ******************************************
ok: [postgres] => {
    "homelab_health": {
        "categories": {
            "updates": {
                "earned": 20,
                "issues": [],
                "possible": 20,
                "status": "PASS"
            },
            "validation": {
                "earned": 20,
                "issues": [],
                "possible": 20,
                "status": "PASS"
            }
        },
        "issues": [],
        "overall": {
            "earned": 40,
            "possible": 40,
            "score": 100,
            "status": "HEALTHY"
        }
    }
}

TASK [report : Show report paths] **********************************************
ok: [postgres -> localhost] => {
    "msg": [
        "Report Root: /root/Homelab-Automation/playbooks/../reports/current",
        "History: /root/Homelab-Automation/playbooks/../reports/history",
        "Report File: /root/Homelab-Automation/playbooks/../reports/current/postgres.md"
    ]
}

TASK [report : Ensure report directories exist] ********************************
ok: [postgres -> localhost] => (item=/root/Homelab-Automation/playbooks/../reports/current)
ok: [postgres -> localhost] => (item=/root/Homelab-Automation/playbooks/../reports/history)
ok: [postgres -> localhost] => (item=/root/Homelab-Automation/playbooks/../reports/json)

TASK [report : Generate Markdown report] ***************************************
changed: [postgres -> localhost]

TASK [report : Generate JSON report] *******************************************
changed: [postgres -> localhost]

TASK [report : Show template result] *******************************************
ok: [postgres -> localhost] => {
    "report_template": {
        "changed": true,
        "checksum": "484ebe8cb810e2e027e0ed3e54bb86a6a958cdf9",
        "dest": "/root/Homelab-Automation/playbooks/../reports/current/postgres.md",
        "diff": [],
        "failed": false,
        "gid": 0,
        "group": "root",
        "md5sum": "5d2418acbd9547e5145e5f70dc8ce8d8",
        "mode": "0644",
        "owner": "root",
        "size": 864,
        "src": "/root/.ansible/tmp/ansible-tmp-1784941774.2180605-81373-99125793534685/.source.md",
        "state": "file",
        "uid": 0
    }
}

TASK [report : Archive report] *************************************************
changed: [postgres -> localhost]

TASK [report : Show archive result] ********************************************
ok: [postgres -> localhost] => {
    "report_archive": {
        "changed": true,
        "checksum": "484ebe8cb810e2e027e0ed3e54bb86a6a958cdf9",
        "dest": "/root/Homelab-Automation/playbooks/../reports/history/postgres-2026-07-24-210924.md",
        "failed": false,
        "gid": 0,
        "group": "root",
        "md5sum": "5d2418acbd9547e5145e5f70dc8ce8d8",
        "mode": "0644",
        "owner": "root",
        "size": 864,
        "src": "/root/Homelab-Automation/playbooks/../reports/current/postgres.md",
        "state": "file",
        "uid": 0
    }
}

PLAY [Homelab Maintenance Framework] *******************************************

TASK [Gathering Facts] *********************************************************
ok: [mailarchiver]

TASK [Display host] ************************************************************
ok: [mailarchiver] => {
    "msg": "========== mailarchiver =========="
}

TASK [common : Initialize report data] *****************************************
ok: [mailarchiver]

TASK [common : Show report structure] ******************************************
ok: [mailarchiver] => {
    "homelab_report": {
        "host": {
            "hostname": "mailarchiver",
            "ip": "192.168.10.30",
            "kernel": "7.0.14-5-pve",
            "os": "Debian 13.6"
        },
        "platform": {},
        "precheck": {},
        "reboot": {},
        "updates": {},
        "validation": {}
    }
}

TASK [discovery : Detect Technitium] *******************************************
ok: [mailarchiver]

TASK [discovery : Detect Unbound] **********************************************
ok: [mailarchiver]

TASK [discovery : Detect PBS] **************************************************
ok: [mailarchiver]

TASK [discovery : Detect Pi-hole] **********************************************
ok: [mailarchiver]

TASK [precheck : Verify DNS] ***************************************************
ok: [mailarchiver]

TASK [precheck : Record DNS result] ********************************************
ok: [mailarchiver]

TASK [precheck : Verify Internet] **********************************************
ok: [mailarchiver]

TASK [precheck : Record Internet result] ***************************************
ok: [mailarchiver]

TASK [precheck : Verify Disk Space] ********************************************
ok: [mailarchiver]

TASK [precheck : Record Disk result] *******************************************
ok: [mailarchiver]

TASK [precheck : Display Precheck Report] **************************************
ok: [mailarchiver] => {
    "homelab_report.precheck": {
        "disk": {
            "filesystem": [
                "Filesystem                        Size  Used Avail Use% Mounted on",
                "/dev/mapper/pve-vm--900--disk--0  125G  8.9G  110G   8% /"
            ],
            "status": "PASS"
        },
        "dns": {
            "lookup": "deb.debian.org",
            "result": "2a04:4e42:72::644 debian.map.fastlydns.net deb.debian.org",
            "status": "PASS"
        },
        "internet": {
            "status": "PASS",
            "target": "8.8.8.8"
        }
    }
}

TASK [update : Record update start time] ***************************************
ok: [mailarchiver]

TASK [update : Update package cache] *******************************************
ok: [mailarchiver]

TASK [update : Upgrade packages] ***********************************************
ok: [mailarchiver]

TASK [update : Check if reboot is required] ************************************
ok: [mailarchiver]

TASK [update : Record update end time] *****************************************
ok: [mailarchiver]

TASK [update : Store update results] *******************************************
ok: [mailarchiver]

TASK [update : Display Update Report] ******************************************
ok: [mailarchiver] => {
    "homelab_report.updates": {
        "duration_seconds": 0,
        "packages_changed": false,
        "reboot_required": false
    }
}

TASK [update : Publish update health contribution] *****************************
ok: [mailarchiver]

TASK [reboot : Check if reboot required] ***************************************
ok: [mailarchiver]

TASK [reboot : Reboot host] ****************************************************
skipping: [mailarchiver]

TASK [reboot : Wait for SSH] ***************************************************
skipping: [mailarchiver]

TASK [reboot : Wait for systemd to finish booting] *****************************
skipping: [mailarchiver]

TASK [reboot : Refresh Ansible facts] ******************************************
skipping: [mailarchiver]

TASK [reboot : Store reboot results] *******************************************
ok: [mailarchiver]

TASK [reboot : Display Reboot Report] ******************************************
ok: [mailarchiver] => {
    "homelab_report.reboot": {
        "performed": false,
        "required": false,
        "successful": true,
        "system_state": "not_rebooted"
    }
}

TASK [validate : Verify DNS] ***************************************************
ok: [mailarchiver]

TASK [validate : Gather service facts] *****************************************
ok: [mailarchiver]

TASK [validate : Initialize validation results] ********************************
ok: [mailarchiver]

TASK [validate : Build validation results] *************************************
ok: [mailarchiver] => (item=ssh)
ok: [mailarchiver] => (item=cron)

TASK [validate : Store validation report] **************************************
ok: [mailarchiver]

TASK [validate : Display Validation Report] ************************************
ok: [mailarchiver] => {
    "homelab_report.validation": {
        "dns": {
            "lookup": "deb.debian.org",
            "status": "PASS"
        },
        "services": {
            "cron": {
                "running": true
            },
            "ssh": {
                "running": true
            }
        }
    }
}

TASK [validate : Publish validation health contribution] ***********************
ok: [mailarchiver]

TASK [health : Initialize Health Engine] ***************************************
ok: [mailarchiver]

TASK [health : Aggregate health contributors] **********************************
ok: [mailarchiver] => (item=updates)
ok: [mailarchiver] => (item=validation)

TASK [health : Calculate health percentage] ************************************
ok: [mailarchiver]

TASK [health : Set overall health status] **************************************
ok: [mailarchiver]

TASK [health : Store Health Report] ********************************************
ok: [mailarchiver]

TASK [health : Display Health Engine] ******************************************
ok: [mailarchiver] => {
    "homelab_health": {
        "categories": {
            "updates": {
                "earned": 20,
                "issues": [],
                "possible": 20,
                "status": "PASS"
            },
            "validation": {
                "earned": 20,
                "issues": [],
                "possible": 20,
                "status": "PASS"
            }
        },
        "issues": [],
        "overall": {
            "earned": 40,
            "possible": 40,
            "score": 100,
            "status": "HEALTHY"
        }
    }
}

TASK [report : Show report paths] **********************************************
ok: [mailarchiver -> localhost] => {
    "msg": [
        "Report Root: /root/Homelab-Automation/playbooks/../reports/current",
        "History: /root/Homelab-Automation/playbooks/../reports/history",
        "Report File: /root/Homelab-Automation/playbooks/../reports/current/mailarchiver.md"
    ]
}

TASK [report : Ensure report directories exist] ********************************
ok: [mailarchiver -> localhost] => (item=/root/Homelab-Automation/playbooks/../reports/current)
ok: [mailarchiver -> localhost] => (item=/root/Homelab-Automation/playbooks/../reports/history)
ok: [mailarchiver -> localhost] => (item=/root/Homelab-Automation/playbooks/../reports/json)

TASK [report : Generate Markdown report] ***************************************
changed: [mailarchiver -> localhost]

TASK [report : Generate JSON report] *******************************************
ok: [mailarchiver -> localhost]

TASK [report : Show template result] *******************************************
ok: [mailarchiver -> localhost] => {
    "report_template": {
        "changed": true,
        "checksum": "f8260abe8fc458664e61d39f3167db067b3702ad",
        "dest": "/root/Homelab-Automation/playbooks/../reports/current/mailarchiver.md",
        "diff": [],
        "failed": false,
        "gid": 0,
        "group": "root",
        "md5sum": "88d3a74489f7fd0f6d7e63829579a877",
        "mode": "0644",
        "owner": "root",
        "size": 868,
        "src": "/root/.ansible/tmp/ansible-tmp-1784941785.769526-81805-148304954628600/.source.md",
        "state": "file",
        "uid": 0
    }
}

TASK [report : Archive report] *************************************************
changed: [mailarchiver -> localhost]

TASK [report : Show archive result] ********************************************
ok: [mailarchiver -> localhost] => {
    "report_archive": {
        "changed": true,
        "checksum": "f8260abe8fc458664e61d39f3167db067b3702ad",
        "dest": "/root/Homelab-Automation/playbooks/../reports/history/mailarchiver-2026-07-24-210936.md",
        "failed": false,
        "gid": 0,
        "group": "root",
        "md5sum": "88d3a74489f7fd0f6d7e63829579a877",
        "mode": "0644",
        "owner": "root",
        "size": 868,
        "src": "/root/Homelab-Automation/playbooks/../reports/current/mailarchiver.md",
        "state": "file",
        "uid": 0
    }
}

PLAY [Homelab Maintenance Framework] *******************************************

TASK [Gathering Facts] *********************************************************
ok: [urbackup]

TASK [Display host] ************************************************************
ok: [urbackup] => {
    "msg": "========== urbackup =========="
}

TASK [common : Initialize report data] *****************************************
ok: [urbackup]

TASK [common : Show report structure] ******************************************
ok: [urbackup] => {
    "homelab_report": {
        "host": {
            "hostname": "urbackup",
            "ip": "10.10.37.55",
            "kernel": "7.0.14-4-pve",
            "os": "Debian 13.6"
        },
        "platform": {},
        "precheck": {},
        "reboot": {},
        "updates": {},
        "validation": {}
    }
}

TASK [discovery : Detect Technitium] *******************************************
ok: [urbackup]

TASK [discovery : Detect Unbound] **********************************************
ok: [urbackup]

TASK [discovery : Detect PBS] **************************************************
ok: [urbackup]

TASK [discovery : Detect Pi-hole] **********************************************
ok: [urbackup]

TASK [precheck : Verify DNS] ***************************************************
ok: [urbackup]

TASK [precheck : Record DNS result] ********************************************
ok: [urbackup]

TASK [precheck : Verify Internet] **********************************************
ok: [urbackup]

TASK [precheck : Record Internet result] ***************************************
ok: [urbackup]

TASK [precheck : Verify Disk Space] ********************************************
ok: [urbackup]

TASK [precheck : Record Disk result] *******************************************
ok: [urbackup]

TASK [precheck : Display Precheck Report] **************************************
ok: [urbackup] => {
    "homelab_report.precheck": {
        "disk": {
            "filesystem": [
                "Filesystem                        Size  Used Avail Use% Mounted on",
                "/dev/mapper/pve-vm--850--disk--0   32G  4.2G   26G  15% /"
            ],
            "status": "PASS"
        },
        "dns": {
            "lookup": "deb.debian.org",
            "result": "2a04:4e42:72::644 debian.map.fastlydns.net deb.debian.org",
            "status": "PASS"
        },
        "internet": {
            "status": "PASS",
            "target": "8.8.8.8"
        }
    }
}

TASK [update : Record update start time] ***************************************
ok: [urbackup]

TASK [update : Update package cache] *******************************************
ok: [urbackup]

TASK [update : Upgrade packages] ***********************************************
ok: [urbackup]

TASK [update : Check if reboot is required] ************************************
ok: [urbackup]

TASK [update : Record update end time] *****************************************
ok: [urbackup]

TASK [update : Store update results] *******************************************
ok: [urbackup]

TASK [update : Display Update Report] ******************************************
ok: [urbackup] => {
    "homelab_report.updates": {
        "duration_seconds": 0,
        "packages_changed": false,
        "reboot_required": false
    }
}

TASK [update : Publish update health contribution] *****************************
ok: [urbackup]

TASK [reboot : Check if reboot required] ***************************************
ok: [urbackup]

TASK [reboot : Reboot host] ****************************************************
skipping: [urbackup]

TASK [reboot : Wait for SSH] ***************************************************
skipping: [urbackup]

TASK [reboot : Wait for systemd to finish booting] *****************************
skipping: [urbackup]

TASK [reboot : Refresh Ansible facts] ******************************************
skipping: [urbackup]

TASK [reboot : Store reboot results] *******************************************
ok: [urbackup]

TASK [reboot : Display Reboot Report] ******************************************
ok: [urbackup] => {
    "homelab_report.reboot": {
        "performed": false,
        "required": false,
        "successful": true,
        "system_state": "not_rebooted"
    }
}

TASK [validate : Verify DNS] ***************************************************
ok: [urbackup]

TASK [validate : Gather service facts] *****************************************
ok: [urbackup]

TASK [validate : Initialize validation results] ********************************
ok: [urbackup]

TASK [validate : Build validation results] *************************************
ok: [urbackup] => (item=ssh)
ok: [urbackup] => (item=cron)

TASK [validate : Store validation report] **************************************
ok: [urbackup]

TASK [validate : Display Validation Report] ************************************
ok: [urbackup] => {
    "homelab_report.validation": {
        "dns": {
            "lookup": "deb.debian.org",
            "status": "PASS"
        },
        "services": {
            "cron": {
                "running": true
            },
            "ssh": {
                "running": true
            }
        }
    }
}

TASK [validate : Publish validation health contribution] ***********************
ok: [urbackup]

TASK [health : Initialize Health Engine] ***************************************
ok: [urbackup]

TASK [health : Aggregate health contributors] **********************************
ok: [urbackup] => (item=updates)
ok: [urbackup] => (item=validation)

TASK [health : Calculate health percentage] ************************************
ok: [urbackup]

TASK [health : Set overall health status] **************************************
ok: [urbackup]

TASK [health : Store Health Report] ********************************************
ok: [urbackup]

TASK [health : Display Health Engine] ******************************************
ok: [urbackup] => {
    "homelab_health": {
        "categories": {
            "updates": {
                "earned": 20,
                "issues": [],
                "possible": 20,
                "status": "PASS"
            },
            "validation": {
                "earned": 20,
                "issues": [],
                "possible": 20,
                "status": "PASS"
            }
        },
        "issues": [],
        "overall": {
            "earned": 40,
            "possible": 40,
            "score": 100,
            "status": "HEALTHY"
        }
    }
}

TASK [report : Show report paths] **********************************************
ok: [urbackup -> localhost] => {
    "msg": [
        "Report Root: /root/Homelab-Automation/playbooks/../reports/current",
        "History: /root/Homelab-Automation/playbooks/../reports/history",
        "Report File: /root/Homelab-Automation/playbooks/../reports/current/urbackup.md"
    ]
}

TASK [report : Ensure report directories exist] ********************************
ok: [urbackup -> localhost] => (item=/root/Homelab-Automation/playbooks/../reports/current)
ok: [urbackup -> localhost] => (item=/root/Homelab-Automation/playbooks/../reports/history)
ok: [urbackup -> localhost] => (item=/root/Homelab-Automation/playbooks/../reports/json)

TASK [report : Generate Markdown report] ***************************************
changed: [urbackup -> localhost]

TASK [report : Generate JSON report] *******************************************
changed: [urbackup -> localhost]

TASK [report : Show template result] *******************************************
ok: [urbackup -> localhost] => {
    "report_template": {
        "changed": true,
        "checksum": "a0ac9433d06df112dbc14a58168a8438c8d363f4",
        "dest": "/root/Homelab-Automation/playbooks/../reports/current/urbackup.md",
        "diff": [],
        "failed": false,
        "gid": 0,
        "group": "root",
        "md5sum": "9966e721933ce70241e1f4e73772dcab",
        "mode": "0644",
        "owner": "root",
        "size": 862,
        "src": "/root/.ansible/tmp/ansible-tmp-1784941798.3983586-82233-36073154930582/.source.md",
        "state": "file",
        "uid": 0
    }
}

TASK [report : Archive report] *************************************************
changed: [urbackup -> localhost]

TASK [report : Show archive result] ********************************************
ok: [urbackup -> localhost] => {
    "report_archive": {
        "changed": true,
        "checksum": "a0ac9433d06df112dbc14a58168a8438c8d363f4",
        "dest": "/root/Homelab-Automation/playbooks/../reports/history/urbackup-2026-07-24-210947.md",
        "failed": false,
        "gid": 0,
        "group": "root",
        "md5sum": "9966e721933ce70241e1f4e73772dcab",
        "mode": "0644",
        "owner": "root",
        "size": 862,
        "src": "/root/Homelab-Automation/playbooks/../reports/current/urbackup.md",
        "state": "file",
        "uid": 0
    }
}

PLAY [Homelab Maintenance Framework] *******************************************

TASK [Gathering Facts] *********************************************************
ok: [uptimekuma]

TASK [Display host] ************************************************************
ok: [uptimekuma] => {
    "msg": "========== uptimekuma =========="
}

TASK [common : Initialize report data] *****************************************
ok: [uptimekuma]

TASK [common : Show report structure] ******************************************
ok: [uptimekuma] => {
    "homelab_report": {
        "host": {
            "hostname": "uptimekuma",
            "ip": "192.168.10.21",
            "kernel": "6.8.12-17-pve",
            "os": "Debian 12.15"
        },
        "platform": {},
        "precheck": {},
        "reboot": {},
        "updates": {},
        "validation": {}
    }
}

TASK [discovery : Detect Technitium] *******************************************
ok: [uptimekuma]

TASK [discovery : Detect Unbound] **********************************************
ok: [uptimekuma]

TASK [discovery : Detect PBS] **************************************************
ok: [uptimekuma]

TASK [discovery : Detect Pi-hole] **********************************************
ok: [uptimekuma]

TASK [precheck : Verify DNS] ***************************************************
ok: [uptimekuma]

TASK [precheck : Record DNS result] ********************************************
ok: [uptimekuma]

TASK [precheck : Verify Internet] **********************************************
ok: [uptimekuma]

TASK [precheck : Record Internet result] ***************************************
ok: [uptimekuma]

TASK [precheck : Verify Disk Space] ********************************************
ok: [uptimekuma]

TASK [precheck : Record Disk result] *******************************************
ok: [uptimekuma]

TASK [precheck : Display Precheck Report] **************************************
ok: [uptimekuma] => {
    "homelab_report.precheck": {
        "disk": {
            "filesystem": [
                "Filesystem                        Size  Used Avail Use% Mounted on",
                "/dev/mapper/pve-vm--202--disk--0  5.9G  2.1G  3.5G  39% /"
            ],
            "status": "PASS"
        },
        "dns": {
            "lookup": "deb.debian.org",
            "result": "2a04:4e42:72::644 debian.map.fastlydns.net deb.debian.org",
            "status": "PASS"
        },
        "internet": {
            "status": "PASS",
            "target": "8.8.8.8"
        }
    }
}

TASK [update : Record update start time] ***************************************
ok: [uptimekuma]

TASK [update : Update package cache] *******************************************
ok: [uptimekuma]

TASK [update : Upgrade packages] ***********************************************
ok: [uptimekuma]

TASK [update : Check if reboot is required] ************************************
ok: [uptimekuma]

TASK [update : Record update end time] *****************************************
ok: [uptimekuma]

TASK [update : Store update results] *******************************************
ok: [uptimekuma]

TASK [update : Display Update Report] ******************************************
ok: [uptimekuma] => {
    "homelab_report.updates": {
        "duration_seconds": 0,
        "packages_changed": false,
        "reboot_required": false
    }
}

TASK [update : Publish update health contribution] *****************************
ok: [uptimekuma]

TASK [reboot : Check if reboot required] ***************************************
ok: [uptimekuma]

TASK [reboot : Reboot host] ****************************************************
skipping: [uptimekuma]

TASK [reboot : Wait for SSH] ***************************************************
skipping: [uptimekuma]

TASK [reboot : Wait for systemd to finish booting] *****************************
skipping: [uptimekuma]

TASK [reboot : Refresh Ansible facts] ******************************************
skipping: [uptimekuma]

TASK [reboot : Store reboot results] *******************************************
ok: [uptimekuma]

TASK [reboot : Display Reboot Report] ******************************************
ok: [uptimekuma] => {
    "homelab_report.reboot": {
        "performed": false,
        "required": false,
        "successful": true,
        "system_state": "not_rebooted"
    }
}

TASK [validate : Verify DNS] ***************************************************
ok: [uptimekuma]

TASK [validate : Gather service facts] *****************************************
ok: [uptimekuma]

TASK [validate : Initialize validation results] ********************************
ok: [uptimekuma]

TASK [validate : Build validation results] *************************************
ok: [uptimekuma] => (item=ssh)
ok: [uptimekuma] => (item=cron)

TASK [validate : Store validation report] **************************************
ok: [uptimekuma]

TASK [validate : Display Validation Report] ************************************
ok: [uptimekuma] => {
    "homelab_report.validation": {
        "dns": {
            "lookup": "deb.debian.org",
            "status": "PASS"
        },
        "services": {
            "cron": {
                "running": true
            },
            "ssh": {
                "running": true
            }
        }
    }
}

TASK [validate : Publish validation health contribution] ***********************
ok: [uptimekuma]

TASK [health : Initialize Health Engine] ***************************************
ok: [uptimekuma]

TASK [health : Aggregate health contributors] **********************************
ok: [uptimekuma] => (item=updates)
ok: [uptimekuma] => (item=validation)

TASK [health : Calculate health percentage] ************************************
ok: [uptimekuma]

TASK [health : Set overall health status] **************************************
ok: [uptimekuma]

TASK [health : Store Health Report] ********************************************
ok: [uptimekuma]

TASK [health : Display Health Engine] ******************************************
ok: [uptimekuma] => {
    "homelab_health": {
        "categories": {
            "updates": {
                "earned": 20,
                "issues": [],
                "possible": 20,
                "status": "PASS"
            },
            "validation": {
                "earned": 20,
                "issues": [],
                "possible": 20,
                "status": "PASS"
            }
        },
        "issues": [],
        "overall": {
            "earned": 40,
            "possible": 40,
            "score": 100,
            "status": "HEALTHY"
        }
    }
}

TASK [report : Show report paths] **********************************************
ok: [uptimekuma -> localhost] => {
    "msg": [
        "Report Root: /root/Homelab-Automation/playbooks/../reports/current",
        "History: /root/Homelab-Automation/playbooks/../reports/history",
        "Report File: /root/Homelab-Automation/playbooks/../reports/current/uptimekuma.md"
    ]
}

TASK [report : Ensure report directories exist] ********************************
ok: [uptimekuma -> localhost] => (item=/root/Homelab-Automation/playbooks/../reports/current)
ok: [uptimekuma -> localhost] => (item=/root/Homelab-Automation/playbooks/../reports/history)
ok: [uptimekuma -> localhost] => (item=/root/Homelab-Automation/playbooks/../reports/json)

TASK [report : Generate Markdown report] ***************************************
changed: [uptimekuma -> localhost]

TASK [report : Generate JSON report] *******************************************
ok: [uptimekuma -> localhost]

TASK [report : Show template result] *******************************************
ok: [uptimekuma -> localhost] => {
    "report_template": {
        "changed": true,
        "checksum": "e6cbf6b4044afd5d22af978c790ff798fa45239d",
        "dest": "/root/Homelab-Automation/playbooks/../reports/current/uptimekuma.md",
        "diff": [],
        "failed": false,
        "gid": 0,
        "group": "root",
        "md5sum": "9ad8f9c63c3cc49545dd3bb98aad8cd1",
        "mode": "0644",
        "owner": "root",
        "size": 868,
        "src": "/root/.ansible/tmp/ansible-tmp-1784941808.0073085-82665-172553877564950/.source.md",
        "state": "file",
        "uid": 0
    }
}

TASK [report : Archive report] *************************************************
changed: [uptimekuma -> localhost]

TASK [report : Show archive result] ********************************************
ok: [uptimekuma -> localhost] => {
    "report_archive": {
        "changed": true,
        "checksum": "e6cbf6b4044afd5d22af978c790ff798fa45239d",
        "dest": "/root/Homelab-Automation/playbooks/../reports/history/uptimekuma-2026-07-24-211000.md",
        "failed": false,
        "gid": 0,
        "group": "root",
        "md5sum": "9ad8f9c63c3cc49545dd3bb98aad8cd1",
        "mode": "0644",
        "owner": "root",
        "size": 868,
        "src": "/root/Homelab-Automation/playbooks/../reports/current/uptimekuma.md",
        "state": "file",
        "uid": 0
    }
}

PLAY [Homelab Maintenance Framework] *******************************************

TASK [Gathering Facts] *********************************************************
ok: [wireguard37]

TASK [Display host] ************************************************************
ok: [wireguard37] => {
    "msg": "========== wireguard37 =========="
}

TASK [common : Initialize report data] *****************************************
ok: [wireguard37]

TASK [common : Show report structure] ******************************************
ok: [wireguard37] => {
    "homelab_report": {
        "host": {
            "hostname": "wireguard37",
            "ip": "192.168.37.17",
            "kernel": "7.0.14-5-pve",
            "os": "Debian 12.15"
        },
        "platform": {},
        "precheck": {},
        "reboot": {},
        "updates": {},
        "validation": {}
    }
}

TASK [discovery : Detect Technitium] *******************************************
ok: [wireguard37]

TASK [discovery : Detect Unbound] **********************************************
ok: [wireguard37]

TASK [discovery : Detect PBS] **************************************************
ok: [wireguard37]

TASK [discovery : Detect Pi-hole] **********************************************
ok: [wireguard37]

TASK [precheck : Verify DNS] ***************************************************
ok: [wireguard37]

TASK [precheck : Record DNS result] ********************************************
ok: [wireguard37]

TASK [precheck : Verify Internet] **********************************************
ok: [wireguard37]

TASK [precheck : Record Internet result] ***************************************
ok: [wireguard37]

TASK [precheck : Verify Disk Space] ********************************************
ok: [wireguard37]

TASK [precheck : Record Disk result] *******************************************
ok: [wireguard37]

TASK [precheck : Display Precheck Report] **************************************
ok: [wireguard37] => {
    "homelab_report.precheck": {
        "disk": {
            "filesystem": [
                "Filesystem                        Size  Used Avail Use% Mounted on",
                "/dev/mapper/pve-vm--112--disk--0  2.0G  902M  926M  50% /"
            ],
            "status": "PASS"
        },
        "dns": {
            "lookup": "deb.debian.org",
            "result": "2a04:4e42::644  debian.map.fastlydns.net deb.debian.org\n2a04:4e42:200::644 debian.map.fastlydns.net deb.debian.org\n2a04:4e42:400::644 debian.map.fastlydns.net deb.debian.org\n2a04:4e42:600::644 debian.map.fastlydns.net deb.debian.org",
            "status": "PASS"
        },
        "internet": {
            "status": "PASS",
            "target": "8.8.8.8"
        }
    }
}

TASK [update : Record update start time] ***************************************
ok: [wireguard37]

TASK [update : Update package cache] *******************************************
ok: [wireguard37]

TASK [update : Upgrade packages] ***********************************************
ok: [wireguard37]

TASK [update : Check if reboot is required] ************************************
ok: [wireguard37]

TASK [update : Record update end time] *****************************************
ok: [wireguard37]

TASK [update : Store update results] *******************************************
ok: [wireguard37]

TASK [update : Display Update Report] ******************************************
ok: [wireguard37] => {
    "homelab_report.updates": {
        "duration_seconds": 0,
        "packages_changed": false,
        "reboot_required": false
    }
}

TASK [update : Publish update health contribution] *****************************
ok: [wireguard37]

TASK [reboot : Check if reboot required] ***************************************
ok: [wireguard37]

TASK [reboot : Reboot host] ****************************************************
skipping: [wireguard37]

TASK [reboot : Wait for SSH] ***************************************************
skipping: [wireguard37]

TASK [reboot : Wait for systemd to finish booting] *****************************
skipping: [wireguard37]

TASK [reboot : Refresh Ansible facts] ******************************************
skipping: [wireguard37]

TASK [reboot : Store reboot results] *******************************************
ok: [wireguard37]

TASK [reboot : Display Reboot Report] ******************************************
ok: [wireguard37] => {
    "homelab_report.reboot": {
        "performed": false,
        "required": false,
        "successful": true,
        "system_state": "not_rebooted"
    }
}

TASK [validate : Verify DNS] ***************************************************
ok: [wireguard37]

TASK [validate : Gather service facts] *****************************************
ok: [wireguard37]

TASK [validate : Initialize validation results] ********************************
ok: [wireguard37]

TASK [validate : Build validation results] *************************************
skipping: [wireguard37]

TASK [validate : Store validation report] **************************************
ok: [wireguard37]

TASK [validate : Display Validation Report] ************************************
ok: [wireguard37] => {
    "homelab_report.validation": {
        "dns": {
            "lookup": "deb.debian.org",
            "status": "PASS"
        },
        "services": {}
    }
}

TASK [validate : Publish validation health contribution] ***********************
ok: [wireguard37]

TASK [health : Initialize Health Engine] ***************************************
ok: [wireguard37]

TASK [health : Aggregate health contributors] **********************************
ok: [wireguard37] => (item=updates)
ok: [wireguard37] => (item=validation)

TASK [health : Calculate health percentage] ************************************
ok: [wireguard37]

TASK [health : Set overall health status] **************************************
ok: [wireguard37]

TASK [health : Store Health Report] ********************************************
ok: [wireguard37]

TASK [health : Display Health Engine] ******************************************
ok: [wireguard37] => {
    "homelab_health": {
        "categories": {
            "updates": {
                "earned": 20,
                "issues": [],
                "possible": 20,
                "status": "PASS"
            },
            "validation": {
                "earned": 20,
                "issues": [],
                "possible": 20,
                "status": "PASS"
            }
        },
        "issues": [],
        "overall": {
            "earned": 40,
            "possible": 40,
            "score": 100,
            "status": "HEALTHY"
        }
    }
}

TASK [report : Show report paths] **********************************************
ok: [wireguard37 -> localhost] => {
    "msg": [
        "Report Root: /root/Homelab-Automation/playbooks/../reports/current",
        "History: /root/Homelab-Automation/playbooks/../reports/history",
        "Report File: /root/Homelab-Automation/playbooks/../reports/current/wireguard37.md"
    ]
}

TASK [report : Ensure report directories exist] ********************************
ok: [wireguard37 -> localhost] => (item=/root/Homelab-Automation/playbooks/../reports/current)
ok: [wireguard37 -> localhost] => (item=/root/Homelab-Automation/playbooks/../reports/history)
ok: [wireguard37 -> localhost] => (item=/root/Homelab-Automation/playbooks/../reports/json)

TASK [report : Generate Markdown report] ***************************************
changed: [wireguard37 -> localhost]

TASK [report : Generate JSON report] *******************************************
ok: [wireguard37 -> localhost]

TASK [report : Show template result] *******************************************
ok: [wireguard37 -> localhost] => {
    "report_template": {
        "changed": true,
        "checksum": "266f2c681f7104edc3c7ab0817b8c1b605017c9b",
        "dest": "/root/Homelab-Automation/playbooks/../reports/current/wireguard37.md",
        "diff": [],
        "failed": false,
        "gid": 0,
        "group": "root",
        "md5sum": "6fdaf3f8b79017900ffd228aa41ee734",
        "mode": "0644",
        "owner": "root",
        "size": 829,
        "src": "/root/.ansible/tmp/ansible-tmp-1784941818.3358169-83093-253192195917186/.source.md",
        "state": "file",
        "uid": 0
    }
}

TASK [report : Archive report] *************************************************
changed: [wireguard37 -> localhost]

TASK [report : Show archive result] ********************************************
ok: [wireguard37 -> localhost] => {
    "report_archive": {
        "changed": true,
        "checksum": "266f2c681f7104edc3c7ab0817b8c1b605017c9b",
        "dest": "/root/Homelab-Automation/playbooks/../reports/history/wireguard37-2026-07-24-211009.md",
        "failed": false,
        "gid": 0,
        "group": "root",
        "md5sum": "6fdaf3f8b79017900ffd228aa41ee734",
        "mode": "0644",
        "owner": "root",
        "size": 829,
        "src": "/root/Homelab-Automation/playbooks/../reports/current/wireguard37.md",
        "state": "file",
        "uid": 0
    }
}

PLAY [Homelab Maintenance Framework] *******************************************

TASK [Gathering Facts] *********************************************************
ok: [wireguard10]

TASK [Display host] ************************************************************
ok: [wireguard10] => {
    "msg": "========== wireguard10 =========="
}

TASK [common : Initialize report data] *****************************************
ok: [wireguard10]

TASK [common : Show report structure] ******************************************
ok: [wireguard10] => {
    "homelab_report": {
        "host": {
            "hostname": "wireguard10",
            "ip": "192.168.10.26",
            "kernel": "6.8.12-17-pve",
            "os": "Debian 11.11"
        },
        "platform": {},
        "precheck": {},
        "reboot": {},
        "updates": {},
        "validation": {}
    }
}

TASK [discovery : Detect Technitium] *******************************************
ok: [wireguard10]

TASK [discovery : Detect Unbound] **********************************************
ok: [wireguard10]

TASK [discovery : Detect PBS] **************************************************
ok: [wireguard10]

TASK [discovery : Detect Pi-hole] **********************************************
ok: [wireguard10]

TASK [precheck : Verify DNS] ***************************************************
ok: [wireguard10]

TASK [precheck : Record DNS result] ********************************************
ok: [wireguard10]

TASK [precheck : Verify Internet] **********************************************
ok: [wireguard10]

TASK [precheck : Record Internet result] ***************************************
ok: [wireguard10]

TASK [precheck : Verify Disk Space] ********************************************
ok: [wireguard10]

TASK [precheck : Record Disk result] *******************************************
ok: [wireguard10]

TASK [precheck : Display Precheck Report] **************************************
ok: [wireguard10] => {
    "homelab_report.precheck": {
        "disk": {
            "filesystem": [
                "Filesystem                        Size  Used Avail Use% Mounted on",
                "/dev/mapper/pve-vm--204--disk--0  6.9G  1.5G  5.1G  22% /"
            ],
            "status": "PASS"
        },
        "dns": {
            "lookup": "deb.debian.org",
            "result": "2a04:4e42:72::644 debian.map.fastlydns.net deb.debian.org",
            "status": "PASS"
        },
        "internet": {
            "status": "PASS",
            "target": "8.8.8.8"
        }
    }
}

TASK [update : Record update start time] ***************************************
ok: [wireguard10]

TASK [update : Update package cache] *******************************************
ok: [wireguard10]

TASK [update : Upgrade packages] ***********************************************
ok: [wireguard10]

TASK [update : Check if reboot is required] ************************************
ok: [wireguard10]

TASK [update : Record update end time] *****************************************
ok: [wireguard10]

TASK [update : Store update results] *******************************************
ok: [wireguard10]

TASK [update : Display Update Report] ******************************************
ok: [wireguard10] => {
    "homelab_report.updates": {
        "duration_seconds": 0,
        "packages_changed": false,
        "reboot_required": false
    }
}

TASK [update : Publish update health contribution] *****************************
ok: [wireguard10]

TASK [reboot : Check if reboot required] ***************************************
ok: [wireguard10]

TASK [reboot : Reboot host] ****************************************************
skipping: [wireguard10]

TASK [reboot : Wait for SSH] ***************************************************
skipping: [wireguard10]

TASK [reboot : Wait for systemd to finish booting] *****************************
skipping: [wireguard10]

TASK [reboot : Refresh Ansible facts] ******************************************
skipping: [wireguard10]

TASK [reboot : Store reboot results] *******************************************
ok: [wireguard10]

TASK [reboot : Display Reboot Report] ******************************************
ok: [wireguard10] => {
    "homelab_report.reboot": {
        "performed": false,
        "required": false,
        "successful": true,
        "system_state": "not_rebooted"
    }
}

TASK [validate : Verify DNS] ***************************************************
ok: [wireguard10]

TASK [validate : Gather service facts] *****************************************
ok: [wireguard10]

TASK [validate : Initialize validation results] ********************************
ok: [wireguard10]

TASK [validate : Build validation results] *************************************
skipping: [wireguard10]

TASK [validate : Store validation report] **************************************
ok: [wireguard10]

TASK [validate : Display Validation Report] ************************************
ok: [wireguard10] => {
    "homelab_report.validation": {
        "dns": {
            "lookup": "deb.debian.org",
            "status": "PASS"
        },
        "services": {}
    }
}

TASK [validate : Publish validation health contribution] ***********************
ok: [wireguard10]

TASK [health : Initialize Health Engine] ***************************************
ok: [wireguard10]

TASK [health : Aggregate health contributors] **********************************
ok: [wireguard10] => (item=updates)
ok: [wireguard10] => (item=validation)

TASK [health : Calculate health percentage] ************************************
ok: [wireguard10]

TASK [health : Set overall health status] **************************************
ok: [wireguard10]

TASK [health : Store Health Report] ********************************************
ok: [wireguard10]

TASK [health : Display Health Engine] ******************************************
ok: [wireguard10] => {
    "homelab_health": {
        "categories": {
            "updates": {
                "earned": 20,
                "issues": [],
                "possible": 20,
                "status": "PASS"
            },
            "validation": {
                "earned": 20,
                "issues": [],
                "possible": 20,
                "status": "PASS"
            }
        },
        "issues": [],
        "overall": {
            "earned": 40,
            "possible": 40,
            "score": 100,
            "status": "HEALTHY"
        }
    }
}

TASK [report : Show report paths] **********************************************
ok: [wireguard10 -> localhost] => {
    "msg": [
        "Report Root: /root/Homelab-Automation/playbooks/../reports/current",
        "History: /root/Homelab-Automation/playbooks/../reports/history",
        "Report File: /root/Homelab-Automation/playbooks/../reports/current/wireguard10.md"
    ]
}

TASK [report : Ensure report directories exist] ********************************
ok: [wireguard10 -> localhost] => (item=/root/Homelab-Automation/playbooks/../reports/current)
ok: [wireguard10 -> localhost] => (item=/root/Homelab-Automation/playbooks/../reports/history)
ok: [wireguard10 -> localhost] => (item=/root/Homelab-Automation/playbooks/../reports/json)

TASK [report : Generate Markdown report] ***************************************
changed: [wireguard10 -> localhost]

TASK [report : Generate JSON report] *******************************************
ok: [wireguard10 -> localhost]

TASK [report : Show template result] *******************************************
ok: [wireguard10 -> localhost] => {
    "report_template": {
        "changed": true,
        "checksum": "b920d6fff229beca1a5c77cc7dc1f0613d7ef728",
        "dest": "/root/Homelab-Automation/playbooks/../reports/current/wireguard10.md",
        "diff": [],
        "failed": false,
        "gid": 0,
        "group": "root",
        "md5sum": "83553b74a7c91021ca200c9391696a52",
        "mode": "0644",
        "owner": "root",
        "size": 830,
        "src": "/root/.ansible/tmp/ansible-tmp-1784941827.3169127-83521-275654269352818/.source.md",
        "state": "file",
        "uid": 0
    }
}

TASK [report : Archive report] *************************************************
changed: [wireguard10 -> localhost]

TASK [report : Show archive result] ********************************************
ok: [wireguard10 -> localhost] => {
    "report_archive": {
        "changed": true,
        "checksum": "b920d6fff229beca1a5c77cc7dc1f0613d7ef728",
        "dest": "/root/Homelab-Automation/playbooks/../reports/history/wireguard10-2026-07-24-211019.md",
        "failed": false,
        "gid": 0,
        "group": "root",
        "md5sum": "83553b74a7c91021ca200c9391696a52",
        "mode": "0644",
        "owner": "root",
        "size": 830,
        "src": "/root/Homelab-Automation/playbooks/../reports/current/wireguard10.md",
        "state": "file",
        "uid": 0
    }
}

PLAY [Homelab Maintenance Framework] *******************************************

TASK [Gathering Facts] *********************************************************
ok: [pbs01]

TASK [Display host] ************************************************************
ok: [pbs01] => {
    "msg": "========== pbs01 =========="
}

TASK [common : Initialize report data] *****************************************
ok: [pbs01]

TASK [common : Show report structure] ******************************************
ok: [pbs01] => {
    "homelab_report": {
        "host": {
            "hostname": "pbs01",
            "ip": "10.10.37.52",
            "kernel": "7.0.14-4-pve",
            "os": "Debian 13.6"
        },
        "platform": {},
        "precheck": {},
        "reboot": {},
        "updates": {},
        "validation": {}
    }
}

TASK [discovery : Detect Technitium] *******************************************
ok: [pbs01]

TASK [discovery : Detect Unbound] **********************************************
ok: [pbs01]

TASK [discovery : Detect PBS] **************************************************
ok: [pbs01]

TASK [discovery : Detect Pi-hole] **********************************************
ok: [pbs01]

TASK [precheck : Verify DNS] ***************************************************
ok: [pbs01]

TASK [precheck : Record DNS result] ********************************************
ok: [pbs01]

TASK [precheck : Verify Internet] **********************************************
ok: [pbs01]

TASK [precheck : Record Internet result] ***************************************
ok: [pbs01]

TASK [precheck : Verify Disk Space] ********************************************
ok: [pbs01]

TASK [precheck : Record Disk result] *******************************************
ok: [pbs01]

TASK [precheck : Display Precheck Report] **************************************
ok: [pbs01] => {
    "homelab_report.precheck": {
        "disk": {
            "filesystem": [
                "Filesystem            Size  Used Avail Use% Mounted on",
                "/dev/mapper/pbs-root   28G  5.5G   21G  22% /"
            ],
            "status": "PASS"
        },
        "dns": {
            "lookup": "deb.debian.org",
            "result": "2a04:4e42:72::644 debian.map.fastlydns.net deb.debian.org",
            "status": "PASS"
        },
        "internet": {
            "status": "PASS",
            "target": "8.8.8.8"
        }
    }
}

TASK [update : Record update start time] ***************************************
ok: [pbs01]

TASK [update : Update package cache] *******************************************
ok: [pbs01]

TASK [update : Upgrade packages] ***********************************************
ok: [pbs01]

TASK [update : Check if reboot is required] ************************************
ok: [pbs01]

TASK [update : Record update end time] *****************************************
ok: [pbs01]

TASK [update : Store update results] *******************************************
ok: [pbs01]

TASK [update : Display Update Report] ******************************************
ok: [pbs01] => {
    "homelab_report.updates": {
        "duration_seconds": 0,
        "packages_changed": false,
        "reboot_required": false
    }
}

TASK [update : Publish update health contribution] *****************************
ok: [pbs01]

TASK [reboot : Check if reboot required] ***************************************
ok: [pbs01]

TASK [reboot : Reboot host] ****************************************************
skipping: [pbs01]

TASK [reboot : Wait for SSH] ***************************************************
skipping: [pbs01]

TASK [reboot : Wait for systemd to finish booting] *****************************
skipping: [pbs01]

TASK [reboot : Refresh Ansible facts] ******************************************
skipping: [pbs01]

TASK [reboot : Store reboot results] *******************************************
ok: [pbs01]

TASK [reboot : Display Reboot Report] ******************************************
ok: [pbs01] => {
    "homelab_report.reboot": {
        "performed": false,
        "required": false,
        "successful": true,
        "system_state": "not_rebooted"
    }
}

TASK [validate : Verify DNS] ***************************************************
ok: [pbs01]

TASK [validate : Gather service facts] *****************************************
ok: [pbs01]

TASK [validate : Initialize validation results] ********************************
ok: [pbs01]

TASK [validate : Build validation results] *************************************
ok: [pbs01] => (item=proxmox-backup)

TASK [validate : Store validation report] **************************************
ok: [pbs01]

TASK [validate : Display Validation Report] ************************************
ok: [pbs01] => {
    "homelab_report.validation": {
        "dns": {
            "lookup": "deb.debian.org",
            "status": "PASS"
        },
        "services": {
            "proxmox-backup": {
                "running": true
            }
        }
    }
}

TASK [validate : Publish validation health contribution] ***********************
ok: [pbs01]

TASK [health : Initialize Health Engine] ***************************************
ok: [pbs01]

TASK [health : Aggregate health contributors] **********************************
ok: [pbs01] => (item=updates)
ok: [pbs01] => (item=validation)

TASK [health : Calculate health percentage] ************************************
ok: [pbs01]

TASK [health : Set overall health status] **************************************
ok: [pbs01]

TASK [health : Store Health Report] ********************************************
ok: [pbs01]

TASK [health : Display Health Engine] ******************************************
ok: [pbs01] => {
    "homelab_health": {
        "categories": {
            "updates": {
                "earned": 20,
                "issues": [],
                "possible": 20,
                "status": "PASS"
            },
            "validation": {
                "earned": 20,
                "issues": [],
                "possible": 20,
                "status": "PASS"
            }
        },
        "issues": [],
        "overall": {
            "earned": 40,
            "possible": 40,
            "score": 100,
            "status": "HEALTHY"
        }
    }
}

TASK [report : Show report paths] **********************************************
ok: [pbs01 -> localhost] => {
    "msg": [
        "Report Root: /root/Homelab-Automation/playbooks/../reports/current",
        "History: /root/Homelab-Automation/playbooks/../reports/history",
        "Report File: /root/Homelab-Automation/playbooks/../reports/current/pbs01.md"
    ]
}

TASK [report : Ensure report directories exist] ********************************
ok: [pbs01 -> localhost] => (item=/root/Homelab-Automation/playbooks/../reports/current)
ok: [pbs01 -> localhost] => (item=/root/Homelab-Automation/playbooks/../reports/history)
ok: [pbs01 -> localhost] => (item=/root/Homelab-Automation/playbooks/../reports/json)

TASK [report : Generate Markdown report] ***************************************
changed: [pbs01 -> localhost]

TASK [report : Generate JSON report] *******************************************
ok: [pbs01 -> localhost]

TASK [report : Show template result] *******************************************
ok: [pbs01 -> localhost] => {
    "report_template": {
        "changed": true,
        "checksum": "3599c821853da01ab79c4eff1207e793173773e6",
        "dest": "/root/Homelab-Automation/playbooks/../reports/current/pbs01.md",
        "diff": [],
        "failed": false,
        "gid": 0,
        "group": "root",
        "md5sum": "74327440ee72abc089d4a1ca1f72281a",
        "mode": "0644",
        "owner": "root",
        "size": 850,
        "src": "/root/.ansible/tmp/ansible-tmp-1784941841.401453-83949-270876587582423/.source.md",
        "state": "file",
        "uid": 0
    }
}

TASK [report : Archive report] *************************************************
changed: [pbs01 -> localhost]

TASK [report : Show archive result] ********************************************
ok: [pbs01 -> localhost] => {
    "report_archive": {
        "changed": true,
        "checksum": "3599c821853da01ab79c4eff1207e793173773e6",
        "dest": "/root/Homelab-Automation/playbooks/../reports/history/pbs01-2026-07-24-211029.md",
        "failed": false,
        "gid": 0,
        "group": "root",
        "md5sum": "74327440ee72abc089d4a1ca1f72281a",
        "mode": "0644",
        "owner": "root",
        "size": 850,
        "src": "/root/Homelab-Automation/playbooks/../reports/current/pbs01.md",
        "state": "file",
        "uid": 0
    }
}

PLAY [Homelab Maintenance Framework] *******************************************

TASK [Gathering Facts] *********************************************************
ok: [pbs02]

TASK [Display host] ************************************************************
ok: [pbs02] => {
    "msg": "========== pbs02 =========="
}

TASK [common : Initialize report data] *****************************************
ok: [pbs02]

TASK [common : Show report structure] ******************************************
ok: [pbs02] => {
    "homelab_report": {
        "host": {
            "hostname": "pbs02",
            "ip": "10.10.37.53",
            "kernel": "7.0.14-4-pve",
            "os": "Debian 13.6"
        },
        "platform": {},
        "precheck": {},
        "reboot": {},
        "updates": {},
        "validation": {}
    }
}

TASK [discovery : Detect Technitium] *******************************************
ok: [pbs02]

TASK [discovery : Detect Unbound] **********************************************
ok: [pbs02]

TASK [discovery : Detect PBS] **************************************************
ok: [pbs02]

TASK [discovery : Detect Pi-hole] **********************************************
ok: [pbs02]

TASK [precheck : Verify DNS] ***************************************************
ok: [pbs02]

TASK [precheck : Record DNS result] ********************************************
ok: [pbs02]

TASK [precheck : Verify Internet] **********************************************
ok: [pbs02]

TASK [precheck : Record Internet result] ***************************************
ok: [pbs02]

TASK [precheck : Verify Disk Space] ********************************************
ok: [pbs02]

TASK [precheck : Record Disk result] *******************************************
ok: [pbs02]

TASK [precheck : Display Precheck Report] **************************************
ok: [pbs02] => {
    "homelab_report.precheck": {
        "disk": {
            "filesystem": [
                "Filesystem                        Size  Used Avail Use% Mounted on",
                "/dev/mapper/pve-vm--801--disk--0  9.8G  1.2G  8.1G  13% /"
            ],
            "status": "PASS"
        },
        "dns": {
            "lookup": "deb.debian.org",
            "result": "2a04:4e42:72::644 debian.map.fastlydns.net deb.debian.org",
            "status": "PASS"
        },
        "internet": {
            "status": "PASS",
            "target": "8.8.8.8"
        }
    }
}

TASK [update : Record update start time] ***************************************
ok: [pbs02]

TASK [update : Update package cache] *******************************************
ok: [pbs02]

TASK [update : Upgrade packages] ***********************************************
ok: [pbs02]

TASK [update : Check if reboot is required] ************************************
ok: [pbs02]

TASK [update : Record update end time] *****************************************
ok: [pbs02]

TASK [update : Store update results] *******************************************
ok: [pbs02]

TASK [update : Display Update Report] ******************************************
ok: [pbs02] => {
    "homelab_report.updates": {
        "duration_seconds": 0,
        "packages_changed": false,
        "reboot_required": false
    }
}

TASK [update : Publish update health contribution] *****************************
ok: [pbs02]

TASK [reboot : Check if reboot required] ***************************************
ok: [pbs02]

TASK [reboot : Reboot host] ****************************************************
skipping: [pbs02]

TASK [reboot : Wait for SSH] ***************************************************
skipping: [pbs02]

TASK [reboot : Wait for systemd to finish booting] *****************************
skipping: [pbs02]

TASK [reboot : Refresh Ansible facts] ******************************************
skipping: [pbs02]

TASK [reboot : Store reboot results] *******************************************
ok: [pbs02]

TASK [reboot : Display Reboot Report] ******************************************
ok: [pbs02] => {
    "homelab_report.reboot": {
        "performed": false,
        "required": false,
        "successful": true,
        "system_state": "not_rebooted"
    }
}

TASK [validate : Verify DNS] ***************************************************
ok: [pbs02]

TASK [validate : Gather service facts] *****************************************
ok: [pbs02]

TASK [validate : Initialize validation results] ********************************
ok: [pbs02]

TASK [validate : Build validation results] *************************************
ok: [pbs02] => (item=proxmox-backup)

TASK [validate : Store validation report] **************************************
ok: [pbs02]

TASK [validate : Display Validation Report] ************************************
ok: [pbs02] => {
    "homelab_report.validation": {
        "dns": {
            "lookup": "deb.debian.org",
            "status": "PASS"
        },
        "services": {
            "proxmox-backup": {
                "running": true
            }
        }
    }
}

TASK [validate : Publish validation health contribution] ***********************
ok: [pbs02]

TASK [health : Initialize Health Engine] ***************************************
ok: [pbs02]

TASK [health : Aggregate health contributors] **********************************
ok: [pbs02] => (item=updates)
ok: [pbs02] => (item=validation)

TASK [health : Calculate health percentage] ************************************
ok: [pbs02]

TASK [health : Set overall health status] **************************************
ok: [pbs02]

TASK [health : Store Health Report] ********************************************
ok: [pbs02]

TASK [health : Display Health Engine] ******************************************
ok: [pbs02] => {
    "homelab_health": {
        "categories": {
            "updates": {
                "earned": 20,
                "issues": [],
                "possible": 20,
                "status": "PASS"
            },
            "validation": {
                "earned": 20,
                "issues": [],
                "possible": 20,
                "status": "PASS"
            }
        },
        "issues": [],
        "overall": {
            "earned": 40,
            "possible": 40,
            "score": 100,
            "status": "HEALTHY"
        }
    }
}

TASK [report : Show report paths] **********************************************
ok: [pbs02 -> localhost] => {
    "msg": [
        "Report Root: /root/Homelab-Automation/playbooks/../reports/current",
        "History: /root/Homelab-Automation/playbooks/../reports/history",
        "Report File: /root/Homelab-Automation/playbooks/../reports/current/pbs02.md"
    ]
}

TASK [report : Ensure report directories exist] ********************************
ok: [pbs02 -> localhost] => (item=/root/Homelab-Automation/playbooks/../reports/current)
ok: [pbs02 -> localhost] => (item=/root/Homelab-Automation/playbooks/../reports/history)
ok: [pbs02 -> localhost] => (item=/root/Homelab-Automation/playbooks/../reports/json)

TASK [report : Generate Markdown report] ***************************************
changed: [pbs02 -> localhost]

TASK [report : Generate JSON report] *******************************************
ok: [pbs02 -> localhost]

TASK [report : Show template result] *******************************************
ok: [pbs02 -> localhost] => {
    "report_template": {
        "changed": true,
        "checksum": "506d1f7829049f99b3b26dc2d85282f21e11922e",
        "dest": "/root/Homelab-Automation/playbooks/../reports/current/pbs02.md",
        "diff": [],
        "failed": false,
        "gid": 0,
        "group": "root",
        "md5sum": "121a5513faf22858883fe17843111ac2",
        "mode": "0644",
        "owner": "root",
        "size": 850,
        "src": "/root/.ansible/tmp/ansible-tmp-1784941853.5560424-84377-167656078239827/.source.md",
        "state": "file",
        "uid": 0
    }
}

TASK [report : Archive report] *************************************************
changed: [pbs02 -> localhost]

TASK [report : Show archive result] ********************************************
ok: [pbs02 -> localhost] => {
    "report_archive": {
        "changed": true,
        "checksum": "506d1f7829049f99b3b26dc2d85282f21e11922e",
        "dest": "/root/Homelab-Automation/playbooks/../reports/history/pbs02-2026-07-24-211043.md",
        "failed": false,
        "gid": 0,
        "group": "root",
        "md5sum": "121a5513faf22858883fe17843111ac2",
        "mode": "0644",
        "owner": "root",
        "size": 850,
        "src": "/root/Homelab-Automation/playbooks/../reports/current/pbs02.md",
        "state": "file",
        "uid": 0
    }
}

PLAY [Homelab Maintenance Framework] *******************************************

TASK [Gathering Facts] *********************************************************
ok: [emby]

TASK [Display host] ************************************************************
ok: [emby] => {
    "msg": "========== emby =========="
}

TASK [common : Initialize report data] *****************************************
ok: [emby]

TASK [common : Show report structure] ******************************************
ok: [emby] => {
    "homelab_report": {
        "host": {
            "hostname": "emby",
            "ip": "192.168.10.20",
            "kernel": "6.8.0-136-generic",
            "os": "Ubuntu 24.04"
        },
        "platform": {},
        "precheck": {},
        "reboot": {},
        "updates": {},
        "validation": {}
    }
}

TASK [discovery : Detect Technitium] *******************************************
ok: [emby]

TASK [discovery : Detect Unbound] **********************************************
ok: [emby]

TASK [discovery : Detect PBS] **************************************************
ok: [emby]

TASK [discovery : Detect Pi-hole] **********************************************
ok: [emby]

TASK [precheck : Verify DNS] ***************************************************
ok: [emby]

TASK [precheck : Record DNS result] ********************************************
ok: [emby]

TASK [precheck : Verify Internet] **********************************************
ok: [emby]

TASK [precheck : Record Internet result] ***************************************
ok: [emby]

TASK [precheck : Verify Disk Space] ********************************************
ok: [emby]

TASK [precheck : Record Disk result] *******************************************
ok: [emby]

TASK [precheck : Display Precheck Report] **************************************
ok: [emby] => {
    "homelab_report.precheck": {
        "disk": {
            "filesystem": [
                "Filesystem                         Size  Used Avail Use% Mounted on",
                "/dev/mapper/ubuntu--vg-ubuntu--lv   15G  7.3G  6.7G  53% /"
            ],
            "status": "PASS"
        },
        "dns": {
            "lookup": "deb.debian.org",
            "result": "2a04:4e42::644  debian.map.fastlydns.net deb.debian.org\n2a04:4e42:600::644 debian.map.fastlydns.net deb.debian.org\n2a04:4e42:400::644 debian.map.fastlydns.net deb.debian.org\n2a04:4e42:200::644 debian.map.fastlydns.net deb.debian.org",
            "status": "PASS"
        },
        "internet": {
            "status": "PASS",
            "target": "8.8.8.8"
        }
    }
}

TASK [update : Record update start time] ***************************************
ok: [emby]

TASK [update : Update package cache] *******************************************
ok: [emby]

TASK [update : Upgrade packages] ***********************************************
ok: [emby]

TASK [update : Check if reboot is required] ************************************
ok: [emby]

TASK [update : Record update end time] *****************************************
ok: [emby]

TASK [update : Store update results] *******************************************
ok: [emby]

TASK [update : Display Update Report] ******************************************
ok: [emby] => {
    "homelab_report.updates": {
        "duration_seconds": 0,
        "packages_changed": false,
        "reboot_required": false
    }
}

TASK [update : Publish update health contribution] *****************************
ok: [emby]

TASK [reboot : Check if reboot required] ***************************************
ok: [emby]

TASK [reboot : Reboot host] ****************************************************
skipping: [emby]

TASK [reboot : Wait for SSH] ***************************************************
skipping: [emby]

TASK [reboot : Wait for systemd to finish booting] *****************************
skipping: [emby]

TASK [reboot : Refresh Ansible facts] ******************************************
skipping: [emby]

TASK [reboot : Store reboot results] *******************************************
ok: [emby]

TASK [reboot : Display Reboot Report] ******************************************
ok: [emby] => {
    "homelab_report.reboot": {
        "performed": false,
        "required": false,
        "successful": true,
        "system_state": "not_rebooted"
    }
}

TASK [validate : Verify DNS] ***************************************************
ok: [emby]

TASK [validate : Gather service facts] *****************************************
ok: [emby]

TASK [validate : Initialize validation results] ********************************
ok: [emby]

TASK [validate : Build validation results] *************************************
skipping: [emby]

TASK [validate : Store validation report] **************************************
ok: [emby]

TASK [validate : Display Validation Report] ************************************
ok: [emby] => {
    "homelab_report.validation": {
        "dns": {
            "lookup": "deb.debian.org",
            "status": "PASS"
        },
        "services": {}
    }
}

TASK [validate : Publish validation health contribution] ***********************
ok: [emby]

TASK [health : Initialize Health Engine] ***************************************
ok: [emby]

TASK [health : Aggregate health contributors] **********************************
ok: [emby] => (item=updates)
ok: [emby] => (item=validation)

TASK [health : Calculate health percentage] ************************************
ok: [emby]

TASK [health : Set overall health status] **************************************
ok: [emby]

TASK [health : Store Health Report] ********************************************
ok: [emby]

TASK [health : Display Health Engine] ******************************************
ok: [emby] => {
    "homelab_health": {
        "categories": {
            "updates": {
                "earned": 20,
                "issues": [],
                "possible": 20,
                "status": "PASS"
            },
            "validation": {
                "earned": 20,
                "issues": [],
                "possible": 20,
                "status": "PASS"
            }
        },
        "issues": [],
        "overall": {
            "earned": 40,
            "possible": 40,
            "score": 100,
            "status": "HEALTHY"
        }
    }
}

TASK [report : Show report paths] **********************************************
ok: [emby -> localhost] => {
    "msg": [
        "Report Root: /root/Homelab-Automation/playbooks/../reports/current",
        "History: /root/Homelab-Automation/playbooks/../reports/history",
        "Report File: /root/Homelab-Automation/playbooks/../reports/current/emby.md"
    ]
}

TASK [report : Ensure report directories exist] ********************************
ok: [emby -> localhost] => (item=/root/Homelab-Automation/playbooks/../reports/current)
ok: [emby -> localhost] => (item=/root/Homelab-Automation/playbooks/../reports/history)
ok: [emby -> localhost] => (item=/root/Homelab-Automation/playbooks/../reports/json)

TASK [report : Generate Markdown report] ***************************************
changed: [emby -> localhost]

TASK [report : Generate JSON report] *******************************************
changed: [emby -> localhost]

TASK [report : Show template result] *******************************************
ok: [emby -> localhost] => {
    "report_template": {
        "changed": true,
        "checksum": "c1113694f1eaeafad6f9cbe3307aa033b36b09e5",
        "dest": "/root/Homelab-Automation/playbooks/../reports/current/emby.md",
        "diff": [],
        "failed": false,
        "gid": 0,
        "group": "root",
        "md5sum": "e193aeb1cb1fda879af522fe18e2a5eb",
        "mode": "0644",
        "owner": "root",
        "size": 827,
        "src": "/root/.ansible/tmp/ansible-tmp-1784941867.3030024-84805-140987269781207/.source.md",
        "state": "file",
        "uid": 0
    }
}

TASK [report : Archive report] *************************************************
changed: [emby -> localhost]

TASK [report : Show archive result] ********************************************
ok: [emby -> localhost] => {
    "report_archive": {
        "changed": true,
        "checksum": "c1113694f1eaeafad6f9cbe3307aa033b36b09e5",
        "dest": "/root/Homelab-Automation/playbooks/../reports/history/emby-2026-07-25-011055.md",
        "failed": false,
        "gid": 0,
        "group": "root",
        "md5sum": "e193aeb1cb1fda879af522fe18e2a5eb",
        "mode": "0644",
        "owner": "root",
        "size": 827,
        "src": "/root/Homelab-Automation/playbooks/../reports/current/emby.md",
        "state": "file",
        "uid": 0
    }
}

PLAY [Homelab Maintenance Framework] *******************************************

TASK [Gathering Facts] *********************************************************
ok: [jellyfin]

TASK [Display host] ************************************************************
ok: [jellyfin] => {
    "msg": "========== jellyfin =========="
}

TASK [common : Initialize report data] *****************************************
ok: [jellyfin]

TASK [common : Show report structure] ******************************************
ok: [jellyfin] => {
    "homelab_report": {
        "host": {
            "hostname": "jellyfin",
            "ip": "192.168.37.240",
            "kernel": "6.1.0-51-amd64",
            "os": "Debian 12.15"
        },
        "platform": {},
        "precheck": {},
        "reboot": {},
        "updates": {},
        "validation": {}
    }
}

TASK [discovery : Detect Technitium] *******************************************
ok: [jellyfin]

TASK [discovery : Detect Unbound] **********************************************
ok: [jellyfin]

TASK [discovery : Detect PBS] **************************************************
ok: [jellyfin]

TASK [discovery : Detect Pi-hole] **********************************************
ok: [jellyfin]

TASK [precheck : Verify DNS] ***************************************************
ok: [jellyfin]

TASK [precheck : Record DNS result] ********************************************
ok: [jellyfin]

TASK [precheck : Verify Internet] **********************************************
ok: [jellyfin]

TASK [precheck : Record Internet result] ***************************************
ok: [jellyfin]

TASK [precheck : Verify Disk Space] ********************************************
ok: [jellyfin]

TASK [precheck : Record Disk result] *******************************************
ok: [jellyfin]

TASK [precheck : Display Precheck Report] **************************************
ok: [jellyfin] => {
    "homelab_report.precheck": {
        "disk": {
            "filesystem": [
                "Filesystem      Size  Used Avail Use% Mounted on",
                "/dev/sda1        31G   13G   16G  45% /"
            ],
            "status": "PASS"
        },
        "dns": {
            "lookup": "deb.debian.org",
            "result": "2a04:4e42:72::644 debian.map.fastlydns.net deb.debian.org",
            "status": "PASS"
        },
        "internet": {
            "status": "PASS",
            "target": "8.8.8.8"
        }
    }
}

TASK [update : Record update start time] ***************************************
ok: [jellyfin]

TASK [update : Update package cache] *******************************************
ok: [jellyfin]

TASK [update : Upgrade packages] ***********************************************
ok: [jellyfin]

TASK [update : Check if reboot is required] ************************************
ok: [jellyfin]

TASK [update : Record update end time] *****************************************
ok: [jellyfin]

TASK [update : Store update results] *******************************************
ok: [jellyfin]

TASK [update : Display Update Report] ******************************************
ok: [jellyfin] => {
    "homelab_report.updates": {
        "duration_seconds": 0,
        "packages_changed": false,
        "reboot_required": false
    }
}

TASK [update : Publish update health contribution] *****************************
ok: [jellyfin]

TASK [reboot : Check if reboot required] ***************************************
ok: [jellyfin]

TASK [reboot : Reboot host] ****************************************************
skipping: [jellyfin]

TASK [reboot : Wait for SSH] ***************************************************
skipping: [jellyfin]

TASK [reboot : Wait for systemd to finish booting] *****************************
skipping: [jellyfin]

TASK [reboot : Refresh Ansible facts] ******************************************
skipping: [jellyfin]

TASK [reboot : Store reboot results] *******************************************
ok: [jellyfin]

TASK [reboot : Display Reboot Report] ******************************************
ok: [jellyfin] => {
    "homelab_report.reboot": {
        "performed": false,
        "required": false,
        "successful": true,
        "system_state": "not_rebooted"
    }
}

TASK [validate : Verify DNS] ***************************************************
ok: [jellyfin]

TASK [validate : Gather service facts] *****************************************
ok: [jellyfin]

TASK [validate : Initialize validation results] ********************************
ok: [jellyfin]

TASK [validate : Build validation results] *************************************
skipping: [jellyfin]

TASK [validate : Store validation report] **************************************
ok: [jellyfin]

TASK [validate : Display Validation Report] ************************************
ok: [jellyfin] => {
    "homelab_report.validation": {
        "dns": {
            "lookup": "deb.debian.org",
            "status": "PASS"
        },
        "services": {}
    }
}

TASK [validate : Publish validation health contribution] ***********************
ok: [jellyfin]

TASK [health : Initialize Health Engine] ***************************************
ok: [jellyfin]

TASK [health : Aggregate health contributors] **********************************
ok: [jellyfin] => (item=updates)
ok: [jellyfin] => (item=validation)

TASK [health : Calculate health percentage] ************************************
ok: [jellyfin]

TASK [health : Set overall health status] **************************************
ok: [jellyfin]

TASK [health : Store Health Report] ********************************************
ok: [jellyfin]

TASK [health : Display Health Engine] ******************************************
ok: [jellyfin] => {
    "homelab_health": {
        "categories": {
            "updates": {
                "earned": 20,
                "issues": [],
                "possible": 20,
                "status": "PASS"
            },
            "validation": {
                "earned": 20,
                "issues": [],
                "possible": 20,
                "status": "PASS"
            }
        },
        "issues": [],
        "overall": {
            "earned": 40,
            "possible": 40,
            "score": 100,
            "status": "HEALTHY"
        }
    }
}

TASK [report : Show report paths] **********************************************
ok: [jellyfin -> localhost] => {
    "msg": [
        "Report Root: /root/Homelab-Automation/playbooks/../reports/current",
        "History: /root/Homelab-Automation/playbooks/../reports/history",
        "Report File: /root/Homelab-Automation/playbooks/../reports/current/jellyfin.md"
    ]
}

TASK [report : Ensure report directories exist] ********************************
ok: [jellyfin -> localhost] => (item=/root/Homelab-Automation/playbooks/../reports/current)
ok: [jellyfin -> localhost] => (item=/root/Homelab-Automation/playbooks/../reports/history)
ok: [jellyfin -> localhost] => (item=/root/Homelab-Automation/playbooks/../reports/json)

TASK [report : Generate Markdown report] ***************************************
changed: [jellyfin -> localhost]

TASK [report : Generate JSON report] *******************************************
ok: [jellyfin -> localhost]

TASK [report : Show template result] *******************************************
ok: [jellyfin -> localhost] => {
    "report_template": {
        "changed": true,
        "checksum": "9a62c712d1a21da48ce564a007c50822e6cb3cb2",
        "dest": "/root/Homelab-Automation/playbooks/../reports/current/jellyfin.md",
        "diff": [],
        "failed": false,
        "gid": 0,
        "group": "root",
        "md5sum": "18731cde361ea4319a11be001af1dcf9",
        "mode": "0644",
        "owner": "root",
        "size": 829,
        "src": "/root/.ansible/tmp/ansible-tmp-1784941879.1596596-85237-153713237212079/.source.md",
        "state": "file",
        "uid": 0
    }
}

TASK [report : Archive report] *************************************************
changed: [jellyfin -> localhost]

TASK [report : Show archive result] ********************************************
ok: [jellyfin -> localhost] => {
    "report_archive": {
        "changed": true,
        "checksum": "9a62c712d1a21da48ce564a007c50822e6cb3cb2",
        "dest": "/root/Homelab-Automation/playbooks/../reports/history/jellyfin-2026-07-24-211109.md",
        "failed": false,
        "gid": 0,
        "group": "root",
        "md5sum": "18731cde361ea4319a11be001af1dcf9",
        "mode": "0644",
        "owner": "root",
        "size": 829,
        "src": "/root/Homelab-Automation/playbooks/../reports/current/jellyfin.md",
        "state": "file",
        "uid": 0
    }
}

PLAY [Homelab Maintenance Framework] *******************************************

TASK [Gathering Facts] *********************************************************
ok: [dockerhost]

TASK [Display host] ************************************************************
ok: [dockerhost] => {
    "msg": "========== dockerhost =========="
}

TASK [common : Initialize report data] *****************************************
ok: [dockerhost]

TASK [common : Show report structure] ******************************************
ok: [dockerhost] => {
    "homelab_report": {
        "host": {
            "hostname": "dockerhost",
            "ip": "192.168.10.40",
            "kernel": "6.8.0-136-generic",
            "os": "Ubuntu 24.04"
        },
        "platform": {},
        "precheck": {},
        "reboot": {},
        "updates": {},
        "validation": {}
    }
}

TASK [discovery : Detect Technitium] *******************************************
ok: [dockerhost]

TASK [discovery : Detect Unbound] **********************************************
ok: [dockerhost]

TASK [discovery : Detect PBS] **************************************************
ok: [dockerhost]

TASK [discovery : Detect Pi-hole] **********************************************
ok: [dockerhost]

TASK [precheck : Verify DNS] ***************************************************
ok: [dockerhost]

TASK [precheck : Record DNS result] ********************************************
ok: [dockerhost]

TASK [precheck : Verify Internet] **********************************************
ok: [dockerhost]

TASK [precheck : Record Internet result] ***************************************
ok: [dockerhost]

TASK [precheck : Verify Disk Space] ********************************************
ok: [dockerhost]

TASK [precheck : Record Disk result] *******************************************
ok: [dockerhost]

TASK [precheck : Display Precheck Report] **************************************
ok: [dockerhost] => {
    "homelab_report.precheck": {
        "disk": {
            "filesystem": [
                "Filesystem                         Size  Used Avail Use% Mounted on",
                "/dev/mapper/ubuntu--vg-ubuntu--lv   15G  5.3G  8.7G  38% /"
            ],
            "status": "PASS"
        },
        "dns": {
            "lookup": "deb.debian.org",
            "result": "2a04:4e42:72::644 debian.map.fastlydns.net deb.debian.org",
            "status": "PASS"
        },
        "internet": {
            "status": "FAIL",
            "target": "8.8.8.8"
        }
    }
}

TASK [update : Record update start time] ***************************************
ok: [dockerhost]

TASK [update : Update package cache] *******************************************
ok: [dockerhost]

TASK [update : Upgrade packages] ***********************************************
ok: [dockerhost]

TASK [update : Check if reboot is required] ************************************
ok: [dockerhost]

TASK [update : Record update end time] *****************************************
ok: [dockerhost]

TASK [update : Store update results] *******************************************
ok: [dockerhost]

TASK [update : Display Update Report] ******************************************
ok: [dockerhost] => {
    "homelab_report.updates": {
        "duration_seconds": 0,
        "packages_changed": false,
        "reboot_required": false
    }
}

TASK [update : Publish update health contribution] *****************************
ok: [dockerhost]

TASK [reboot : Check if reboot required] ***************************************
ok: [dockerhost]

TASK [reboot : Reboot host] ****************************************************
skipping: [dockerhost]

TASK [reboot : Wait for SSH] ***************************************************
skipping: [dockerhost]

TASK [reboot : Wait for systemd to finish booting] *****************************
skipping: [dockerhost]

TASK [reboot : Refresh Ansible facts] ******************************************
skipping: [dockerhost]

TASK [reboot : Store reboot results] *******************************************
ok: [dockerhost]

TASK [reboot : Display Reboot Report] ******************************************
ok: [dockerhost] => {
    "homelab_report.reboot": {
        "performed": false,
        "required": false,
        "successful": true,
        "system_state": "not_rebooted"
    }
}

TASK [validate : Verify DNS] ***************************************************
ok: [dockerhost]

TASK [validate : Gather service facts] *****************************************
ok: [dockerhost]

TASK [validate : Initialize validation results] ********************************
ok: [dockerhost]

TASK [validate : Build validation results] *************************************
skipping: [dockerhost]

TASK [validate : Store validation report] **************************************
ok: [dockerhost]

TASK [validate : Display Validation Report] ************************************
ok: [dockerhost] => {
    "homelab_report.validation": {
        "dns": {
            "lookup": "deb.debian.org",
            "status": "PASS"
        },
        "services": {}
    }
}

TASK [validate : Publish validation health contribution] ***********************
ok: [dockerhost]

TASK [health : Initialize Health Engine] ***************************************
ok: [dockerhost]

TASK [health : Aggregate health contributors] **********************************
ok: [dockerhost] => (item=updates)
ok: [dockerhost] => (item=validation)

TASK [health : Calculate health percentage] ************************************
ok: [dockerhost]

TASK [health : Set overall health status] **************************************
ok: [dockerhost]

TASK [health : Store Health Report] ********************************************
ok: [dockerhost]

TASK [health : Display Health Engine] ******************************************
ok: [dockerhost] => {
    "homelab_health": {
        "categories": {
            "updates": {
                "earned": 20,
                "issues": [],
                "possible": 20,
                "status": "PASS"
            },
            "validation": {
                "earned": 20,
                "issues": [],
                "possible": 20,
                "status": "PASS"
            }
        },
        "issues": [],
        "overall": {
            "earned": 40,
            "possible": 40,
            "score": 100,
            "status": "HEALTHY"
        }
    }
}

TASK [report : Show report paths] **********************************************
ok: [dockerhost -> localhost] => {
    "msg": [
        "Report Root: /root/Homelab-Automation/playbooks/../reports/current",
        "History: /root/Homelab-Automation/playbooks/../reports/history",
        "Report File: /root/Homelab-Automation/playbooks/../reports/current/dockerhost.md"
    ]
}

TASK [report : Ensure report directories exist] ********************************
ok: [dockerhost -> localhost] => (item=/root/Homelab-Automation/playbooks/../reports/current)
ok: [dockerhost -> localhost] => (item=/root/Homelab-Automation/playbooks/../reports/history)
ok: [dockerhost -> localhost] => (item=/root/Homelab-Automation/playbooks/../reports/json)

TASK [report : Generate Markdown report] ***************************************
changed: [dockerhost -> localhost]

TASK [report : Generate JSON report] *******************************************
ok: [dockerhost -> localhost]

TASK [report : Show template result] *******************************************
ok: [dockerhost -> localhost] => {
    "report_template": {
        "changed": true,
        "checksum": "92d1a891d7af8048eb7e4f32900160a677248666",
        "dest": "/root/Homelab-Automation/playbooks/../reports/current/dockerhost.md",
        "diff": [],
        "failed": false,
        "gid": 0,
        "group": "root",
        "md5sum": "c0738e6f4b84f49c8312ab63ce655165",
        "mode": "0644",
        "owner": "root",
        "size": 844,
        "src": "/root/.ansible/tmp/ansible-tmp-1784941890.0946312-85665-6724907403597/.source.md",
        "state": "file",
        "uid": 0
    }
}

TASK [report : Archive report] *************************************************
changed: [dockerhost -> localhost]

TASK [report : Show archive result] ********************************************
ok: [dockerhost -> localhost] => {
    "report_archive": {
        "changed": true,
        "checksum": "92d1a891d7af8048eb7e4f32900160a677248666",
        "dest": "/root/Homelab-Automation/playbooks/../reports/history/dockerhost-2026-07-25-011121.md",
        "failed": false,
        "gid": 0,
        "group": "root",
        "md5sum": "c0738e6f4b84f49c8312ab63ce655165",
        "mode": "0644",
        "owner": "root",
        "size": 844,
        "src": "/root/Homelab-Automation/playbooks/../reports/current/dockerhost.md",
        "state": "file",
        "uid": 0
    }
}

PLAY [Homelab Maintenance Framework] *******************************************

TASK [Gathering Facts] *********************************************************
ok: [plex]

TASK [Display host] ************************************************************
ok: [plex] => {
    "msg": "========== plex =========="
}

TASK [common : Initialize report data] *****************************************
ok: [plex]

TASK [common : Show report structure] ******************************************
ok: [plex] => {
    "homelab_report": {
        "host": {
            "hostname": "plex",
            "ip": "192.168.10.50",
            "kernel": "6.8.12-17-pve",
            "os": "Ubuntu 22.04"
        },
        "platform": {},
        "precheck": {},
        "reboot": {},
        "updates": {},
        "validation": {}
    }
}

TASK [discovery : Detect Technitium] *******************************************
ok: [plex]

TASK [discovery : Detect Unbound] **********************************************
ok: [plex]

TASK [discovery : Detect PBS] **************************************************
ok: [plex]

TASK [discovery : Detect Pi-hole] **********************************************
ok: [plex]

TASK [precheck : Verify DNS] ***************************************************
ok: [plex]

TASK [precheck : Record DNS result] ********************************************
ok: [plex]

TASK [precheck : Verify Internet] **********************************************
ok: [plex]

TASK [precheck : Record Internet result] ***************************************
ok: [plex]

TASK [precheck : Verify Disk Space] ********************************************
ok: [plex]

TASK [precheck : Record Disk result] *******************************************
ok: [plex]

TASK [precheck : Display Precheck Report] **************************************
ok: [plex] => {
    "homelab_report.precheck": {
        "disk": {
            "filesystem": [
                "Filesystem                        Size  Used Avail Use% Mounted on",
                "/dev/mapper/pve-vm--302--disk--0   25G  9.0G   15G  39% /"
            ],
            "status": "PASS"
        },
        "dns": {
            "lookup": "deb.debian.org",
            "result": "2a04:4e42:72::644 debian.map.fastlydns.net deb.debian.org",
            "status": "PASS"
        },
        "internet": {
            "status": "PASS",
            "target": "8.8.8.8"
        }
    }
}

TASK [update : Record update start time] ***************************************
ok: [plex]

TASK [update : Update package cache] *******************************************
ok: [plex]

TASK [update : Upgrade packages] ***********************************************
ok: [plex]

TASK [update : Check if reboot is required] ************************************
ok: [plex]

TASK [update : Record update end time] *****************************************
ok: [plex]

TASK [update : Store update results] *******************************************
ok: [plex]

TASK [update : Display Update Report] ******************************************
ok: [plex] => {
    "homelab_report.updates": {
        "duration_seconds": 0,
        "packages_changed": false,
        "reboot_required": false
    }
}

TASK [update : Publish update health contribution] *****************************
ok: [plex]

TASK [reboot : Check if reboot required] ***************************************
ok: [plex]

TASK [reboot : Reboot host] ****************************************************
skipping: [plex]

TASK [reboot : Wait for SSH] ***************************************************
skipping: [plex]

TASK [reboot : Wait for systemd to finish booting] *****************************
skipping: [plex]

TASK [reboot : Refresh Ansible facts] ******************************************
skipping: [plex]

TASK [reboot : Store reboot results] *******************************************
ok: [plex]

TASK [reboot : Display Reboot Report] ******************************************
ok: [plex] => {
    "homelab_report.reboot": {
        "performed": false,
        "required": false,
        "successful": true,
        "system_state": "not_rebooted"
    }
}

TASK [validate : Verify DNS] ***************************************************
ok: [plex]

TASK [validate : Gather service facts] *****************************************
ok: [plex]

TASK [validate : Initialize validation results] ********************************
ok: [plex]

TASK [validate : Build validation results] *************************************
skipping: [plex]

TASK [validate : Store validation report] **************************************
ok: [plex]

TASK [validate : Display Validation Report] ************************************
ok: [plex] => {
    "homelab_report.validation": {
        "dns": {
            "lookup": "deb.debian.org",
            "status": "PASS"
        },
        "services": {}
    }
}

TASK [validate : Publish validation health contribution] ***********************
ok: [plex]

TASK [health : Initialize Health Engine] ***************************************
ok: [plex]

TASK [health : Aggregate health contributors] **********************************
ok: [plex] => (item=updates)
ok: [plex] => (item=validation)

TASK [health : Calculate health percentage] ************************************
ok: [plex]

TASK [health : Set overall health status] **************************************
ok: [plex]

TASK [health : Store Health Report] ********************************************
ok: [plex]

TASK [health : Display Health Engine] ******************************************
ok: [plex] => {
    "homelab_health": {
        "categories": {
            "updates": {
                "earned": 20,
                "issues": [],
                "possible": 20,
                "status": "PASS"
            },
            "validation": {
                "earned": 20,
                "issues": [],
                "possible": 20,
                "status": "PASS"
            }
        },
        "issues": [],
        "overall": {
            "earned": 40,
            "possible": 40,
            "score": 100,
            "status": "HEALTHY"
        }
    }
}

TASK [report : Show report paths] **********************************************
ok: [plex -> localhost] => {
    "msg": [
        "Report Root: /root/Homelab-Automation/playbooks/../reports/current",
        "History: /root/Homelab-Automation/playbooks/../reports/history",
        "Report File: /root/Homelab-Automation/playbooks/../reports/current/plex.md"
    ]
}

TASK [report : Ensure report directories exist] ********************************
ok: [plex -> localhost] => (item=/root/Homelab-Automation/playbooks/../reports/current)
ok: [plex -> localhost] => (item=/root/Homelab-Automation/playbooks/../reports/history)
ok: [plex -> localhost] => (item=/root/Homelab-Automation/playbooks/../reports/json)

TASK [report : Generate Markdown report] ***************************************
changed: [plex -> localhost]

TASK [report : Generate JSON report] *******************************************
ok: [plex -> localhost]

TASK [report : Show template result] *******************************************
ok: [plex -> localhost] => {
    "report_template": {
        "changed": true,
        "checksum": "47edd894c126ab2ac9c6f2738c80d42c01e37e84",
        "dest": "/root/Homelab-Automation/playbooks/../reports/current/plex.md",
        "diff": [],
        "failed": false,
        "gid": 0,
        "group": "root",
        "md5sum": "109f6b13164d66987e3c6637bee37256",
        "mode": "0644",
        "owner": "root",
        "size": 823,
        "src": "/root/.ansible/tmp/ansible-tmp-1784941899.6347616-86093-146953537756553/.source.md",
        "state": "file",
        "uid": 0
    }
}

TASK [report : Archive report] *************************************************
changed: [plex -> localhost]

TASK [report : Show archive result] ********************************************
ok: [plex -> localhost] => {
    "report_archive": {
        "changed": true,
        "checksum": "47edd894c126ab2ac9c6f2738c80d42c01e37e84",
        "dest": "/root/Homelab-Automation/playbooks/../reports/history/plex-2026-07-24-211131.md",
        "failed": false,
        "gid": 0,
        "group": "root",
        "md5sum": "109f6b13164d66987e3c6637bee37256",
        "mode": "0644",
        "owner": "root",
        "size": 823,
        "src": "/root/Homelab-Automation/playbooks/../reports/current/plex.md",
        "state": "file",
        "uid": 0
    }
}

PLAY [Homelab Maintenance Framework] *******************************************

TASK [Gathering Facts] *********************************************************
ok: [dnsbalancer]

TASK [Display host] ************************************************************
ok: [dnsbalancer] => {
    "msg": "========== dnsbalancer =========="
}

TASK [common : Initialize report data] *****************************************
ok: [dnsbalancer]

TASK [common : Show report structure] ******************************************
ok: [dnsbalancer] => {
    "homelab_report": {
        "host": {
            "hostname": "dnsbalancer",
            "ip": "192.168.37.13",
            "kernel": "6.1.0-51-amd64",
            "os": "Debian 12.15"
        },
        "platform": {},
        "precheck": {},
        "reboot": {},
        "updates": {},
        "validation": {}
    }
}

TASK [discovery : Detect Technitium] *******************************************
ok: [dnsbalancer]

TASK [discovery : Detect Unbound] **********************************************
ok: [dnsbalancer]

TASK [discovery : Detect PBS] **************************************************
ok: [dnsbalancer]

TASK [discovery : Detect Pi-hole] **********************************************
ok: [dnsbalancer]

TASK [precheck : Verify DNS] ***************************************************
ok: [dnsbalancer]

TASK [precheck : Record DNS result] ********************************************
ok: [dnsbalancer]

TASK [precheck : Verify Internet] **********************************************
ok: [dnsbalancer]

TASK [precheck : Record Internet result] ***************************************
ok: [dnsbalancer]

TASK [precheck : Verify Disk Space] ********************************************
ok: [dnsbalancer]

TASK [precheck : Record Disk result] *******************************************
ok: [dnsbalancer]

TASK [precheck : Display Precheck Report] **************************************
ok: [dnsbalancer] => {
    "homelab_report.precheck": {
        "disk": {
            "filesystem": [
                "Filesystem      Size  Used Avail Use% Mounted on",
                "/dev/sda1       3.0G  2.1G  772M  73% /"
            ],
            "status": "PASS"
        },
        "dns": {
            "lookup": "deb.debian.org",
            "result": "2a04:4e42:72::644 debian.map.fastlydns.net deb.debian.org",
            "status": "PASS"
        },
        "internet": {
            "status": "PASS",
            "target": "8.8.8.8"
        }
    }
}

TASK [update : Record update start time] ***************************************
ok: [dnsbalancer]

TASK [update : Update package cache] *******************************************
ok: [dnsbalancer]

TASK [update : Upgrade packages] ***********************************************
ok: [dnsbalancer]

TASK [update : Check if reboot is required] ************************************
ok: [dnsbalancer]

TASK [update : Record update end time] *****************************************
ok: [dnsbalancer]

TASK [update : Store update results] *******************************************
ok: [dnsbalancer]

TASK [update : Display Update Report] ******************************************
ok: [dnsbalancer] => {
    "homelab_report.updates": {
        "duration_seconds": 0,
        "packages_changed": false,
        "reboot_required": false
    }
}

TASK [update : Publish update health contribution] *****************************
ok: [dnsbalancer]

TASK [reboot : Check if reboot required] ***************************************
ok: [dnsbalancer]

TASK [reboot : Reboot host] ****************************************************
skipping: [dnsbalancer]

TASK [reboot : Wait for SSH] ***************************************************
skipping: [dnsbalancer]

TASK [reboot : Wait for systemd to finish booting] *****************************
skipping: [dnsbalancer]

TASK [reboot : Refresh Ansible facts] ******************************************
skipping: [dnsbalancer]

TASK [reboot : Store reboot results] *******************************************
ok: [dnsbalancer]

TASK [reboot : Display Reboot Report] ******************************************
ok: [dnsbalancer] => {
    "homelab_report.reboot": {
        "performed": false,
        "required": false,
        "successful": true,
        "system_state": "not_rebooted"
    }
}

TASK [validate : Verify DNS] ***************************************************
ok: [dnsbalancer]

TASK [validate : Gather service facts] *****************************************
ok: [dnsbalancer]

TASK [validate : Initialize validation results] ********************************
ok: [dnsbalancer]

TASK [validate : Build validation results] *************************************
skipping: [dnsbalancer]

TASK [validate : Store validation report] **************************************
ok: [dnsbalancer]

TASK [validate : Display Validation Report] ************************************
ok: [dnsbalancer] => {
    "homelab_report.validation": {
        "dns": {
            "lookup": "deb.debian.org",
            "status": "PASS"
        },
        "services": {}
    }
}

TASK [validate : Publish validation health contribution] ***********************
ok: [dnsbalancer]

TASK [health : Initialize Health Engine] ***************************************
ok: [dnsbalancer]

TASK [health : Aggregate health contributors] **********************************
ok: [dnsbalancer] => (item=updates)
ok: [dnsbalancer] => (item=validation)

TASK [health : Calculate health percentage] ************************************
ok: [dnsbalancer]

TASK [health : Set overall health status] **************************************
ok: [dnsbalancer]

TASK [health : Store Health Report] ********************************************
ok: [dnsbalancer]

TASK [health : Display Health Engine] ******************************************
ok: [dnsbalancer] => {
    "homelab_health": {
        "categories": {
            "updates": {
                "earned": 20,
                "issues": [],
                "possible": 20,
                "status": "PASS"
            },
            "validation": {
                "earned": 20,
                "issues": [],
                "possible": 20,
                "status": "PASS"
            }
        },
        "issues": [],
        "overall": {
            "earned": 40,
            "possible": 40,
            "score": 100,
            "status": "HEALTHY"
        }
    }
}

TASK [report : Show report paths] **********************************************
ok: [dnsbalancer -> localhost] => {
    "msg": [
        "Report Root: /root/Homelab-Automation/playbooks/../reports/current",
        "History: /root/Homelab-Automation/playbooks/../reports/history",
        "Report File: /root/Homelab-Automation/playbooks/../reports/current/dnsbalancer.md"
    ]
}

TASK [report : Ensure report directories exist] ********************************
ok: [dnsbalancer -> localhost] => (item=/root/Homelab-Automation/playbooks/../reports/current)
ok: [dnsbalancer -> localhost] => (item=/root/Homelab-Automation/playbooks/../reports/history)
ok: [dnsbalancer -> localhost] => (item=/root/Homelab-Automation/playbooks/../reports/json)

TASK [report : Generate Markdown report] ***************************************
changed: [dnsbalancer -> localhost]

TASK [report : Generate JSON report] *******************************************
changed: [dnsbalancer -> localhost]

TASK [report : Show template result] *******************************************
ok: [dnsbalancer -> localhost] => {
    "report_template": {
        "changed": true,
        "checksum": "75502f806154726db99cb6d25bd74eabe19b33ed",
        "dest": "/root/Homelab-Automation/playbooks/../reports/current/dnsbalancer.md",
        "diff": [],
        "failed": false,
        "gid": 0,
        "group": "root",
        "md5sum": "42f9047bcf92220ff02272acc127c30e",
        "mode": "0644",
        "owner": "root",
        "size": 831,
        "src": "/root/.ansible/tmp/ansible-tmp-1784941910.5704637-86521-23790668527445/.source.md",
        "state": "file",
        "uid": 0
    }
}

TASK [report : Archive report] *************************************************
changed: [dnsbalancer -> localhost]

TASK [report : Show archive result] ********************************************
ok: [dnsbalancer -> localhost] => {
    "report_archive": {
        "changed": true,
        "checksum": "75502f806154726db99cb6d25bd74eabe19b33ed",
        "dest": "/root/Homelab-Automation/playbooks/../reports/history/dnsbalancer-2026-07-24-211141.md",
        "failed": false,
        "gid": 0,
        "group": "root",
        "md5sum": "42f9047bcf92220ff02272acc127c30e",
        "mode": "0644",
        "owner": "root",
        "size": 831,
        "src": "/root/Homelab-Automation/playbooks/../reports/current/dnsbalancer.md",
        "state": "file",
        "uid": 0
    }
}

PLAY RECAP *********************************************************************
aptcache                   : ok=46   changed=2    unreachable=0    failed=0    skipped=4    rescued=0    ignored=0   
dns1009                    : ok=46   changed=2    unreachable=0    failed=0    skipped=4    rescued=0    ignored=0   
dns1011                    : ok=46   changed=2    unreachable=0    failed=0    skipped=4    rescued=0    ignored=0   
dns1012                    : ok=46   changed=2    unreachable=0    failed=0    skipped=4    rescued=0    ignored=0   
dns1013                    : ok=46   changed=2    unreachable=0    failed=0    skipped=4    rescued=0    ignored=0   
dns3748                    : ok=46   changed=2    unreachable=0    failed=0    skipped=4    rescued=0    ignored=0   
dns3749                    : ok=46   changed=2    unreachable=0    failed=0    skipped=4    rescued=0    ignored=0   
dnsbalancer                : ok=45   changed=3    unreachable=0    failed=0    skipped=5    rescued=0    ignored=0   
dockerhost                 : ok=45   changed=2    unreachable=0    failed=0    skipped=5    rescued=0    ignored=0   
emby                       : ok=45   changed=3    unreachable=0    failed=0    skipped=5    rescued=0    ignored=0   
jellyfin                   : ok=45   changed=2    unreachable=0    failed=0    skipped=5    rescued=0    ignored=0   
mailarchiver               : ok=46   changed=2    unreachable=0    failed=0    skipped=4    rescued=0    ignored=0   
pbs01                      : ok=46   changed=2    unreachable=0    failed=0    skipped=4    rescued=0    ignored=0   
pbs02                      : ok=46   changed=2    unreachable=0    failed=0    skipped=4    rescued=0    ignored=0   
pihole1010                 : ok=46   changed=2    unreachable=0    failed=0    skipped=4    rescued=0    ignored=0   
pihole1011                 : ok=46   changed=2    unreachable=0    failed=0    skipped=4    rescued=0    ignored=0   
pihole1012                 : ok=46   changed=2    unreachable=0    failed=0    skipped=4    rescued=0    ignored=0   
pihole1013                 : ok=46   changed=2    unreachable=0    failed=0    skipped=4    rescued=0    ignored=0   
pihole1014                 : ok=46   changed=2    unreachable=0    failed=0    skipped=4    rescued=0    ignored=0   
pihole1016                 : ok=46   changed=2    unreachable=0    failed=0    skipped=4    rescued=0    ignored=0   
pihole1017                 : ok=46   changed=2    unreachable=0    failed=0    skipped=4    rescued=0    ignored=0   
pihole3710                 : ok=46   changed=3    unreachable=0    failed=0    skipped=4    rescued=0    ignored=0   
pihole3712                 : ok=46   changed=2    unreachable=0    failed=0    skipped=4    rescued=0    ignored=0   
plex                       : ok=45   changed=2    unreachable=0    failed=0    skipped=5    rescued=0    ignored=0   
postgres                   : ok=46   changed=3    unreachable=0    failed=0    skipped=4    rescued=0    ignored=0   
unbound1007                : ok=46   changed=3    unreachable=0    failed=0    skipped=4    rescued=0    ignored=0   
unbound1008                : ok=46   changed=3    unreachable=0    failed=0    skipped=4    rescued=0    ignored=0   
unbound107                 : ok=46   changed=2    unreachable=0    failed=0    skipped=4    rescued=0    ignored=0   
unbound108                 : ok=46   changed=2    unreachable=0    failed=0    skipped=4    rescued=0    ignored=0   
unbound37100               : ok=46   changed=2    unreachable=0    failed=0    skipped=4    rescued=0    ignored=0   
unbound37101               : ok=46   changed=2    unreachable=0    failed=0    skipped=4    rescued=0    ignored=0   
uptimekuma                 : ok=46   changed=2    unreachable=0    failed=0    skipped=4    rescued=0    ignored=0   
urbackup                   : ok=46   changed=3    unreachable=0    failed=0    skipped=4    rescued=0    ignored=0   
wireguard10                : ok=45   changed=2    unreachable=0    failed=0    skipped=5    rescued=0    ignored=0   
wireguard37                : ok=45   changed=2    unreachable=0    failed=0    skipped=5    rescued=0    ignored=0   

